marker_id,chromosome,position,p_value,neg_log10_p
fk00001,1,117568,7.913e-01,0.102
fk00002,1,1040773,6.548e-01,0.184
fk00003,1,1334324,2.093e-01,0.679
fk00004,1,1507211,5.961e-01,0.225
fk00005,1,1791794,6.983e-01,0.156
fk00006,1,1944458,9.069e-01,0.042
fk00007,1,2063778,9.958e-01,0.002
fk00008,1,2108276,2.595e-01,0.586
fk00009,1,2842839,5.420e-01,0.266
fk00010,1,2878781,8.237e-01,0.084
fk00011,1,3367639,3.876e-01,0.412
fk00012,1,4943093,8.514e-01,0.070
fk00013,1,5360466,4.257e-02,1.371
fk00014,1,6147744,6.324e-01,0.199
fk00015,1,8240907,6.586e-01,0.181
fk00016,1,8317545,6.187e-01,0.209
fk00017,1,8900274,4.880e-01,0.312
fk00018,1,9102222,1.611e-01,0.793
fk00019,1,9385878,5.854e-01,0.233
fk00020,1,9421333,9.401e-01,0.027
fk00021,1,9470304,1.770e-01,0.752
fk00022,1,10178343,9.956e-01,0.002
fk00023,1,10182206,9.258e-01,0.033
fk00024,1,10712752,7.309e-01,0.136
fk00025,1,11117907,5.109e-01,0.292
fk00026,1,11227909,1.260e-01,0.900
fk00027,1,12105225,8.789e-02,1.056
fk00028,1,12836075,3.328e-01,0.478
fk00029,1,13374299,2.256e-01,0.647
fk00030,1,13743321,9.942e-02,1.003
fk00031,1,13860924,5.053e-01,0.296
fk00032,1,14140577,8.814e-01,0.055
fk00033,1,16926561,4.666e-01,0.331
fk00034,1,17023555,6.101e-01,0.215
fk00035,1,17155715,7.958e-01,0.099
fk00036,1,17476851,3.670e-01,0.435
fk00037,1,17539874,4.622e-01,0.335
fk00038,1,18348094,1.361e-01,0.866
fk00039,1,18944592,3.038e-01,0.517
fk00040,1,19377909,5.855e-01,0.232
fk00041,1,20950356,3.420e-01,0.466
fk00042,1,21269778,7.610e-01,0.119
fk00043,1,21371098,9.320e-01,0.031
fk00044,1,21409958,2.757e-01,0.560
fk00045,1,21907007,6.416e-01,0.193
fk00046,1,22132337,9.851e-02,1.007
fk00047,1,22395593,4.831e-01,0.316
fk00048,1,22571937,9.674e-02,1.014
fk00049,1,23752157,5.914e-01,0.228
fk00050,1,23965464,8.988e-01,0.046
fk00051,1,24362787,4.933e-01,0.307
fk00052,1,24800231,9.205e-02,1.036
fk00053,1,25377051,8.518e-01,0.070
fk00054,1,26433332,8.775e-01,0.057
fk00055,1,27636294,8.918e-01,0.050
fk00056,1,27932846,7.583e-01,0.120
fk00057,1,27998813,6.232e-02,1.205
fk00058,1,28104832,9.485e-01,0.023
fk00059,1,28354876,7.722e-01,0.112
fk00060,1,28986212,5.033e-01,0.298
fk00061,1,29054921,6.615e-01,0.179
fk00062,1,29114313,7.604e-01,0.119
fk00063,1,29181327,7.893e-01,0.103
fk00064,1,29771944,7.339e-01,0.134
fk00065,1,31003546,8.748e-01,0.058
fk00066,1,31369182,1.303e-01,0.885
fk00067,1,31469156,2.796e-01,0.553
fk00068,1,31703145,3.711e-01,0.431
fk00069,1,32134309,6.294e-02,1.201
fk00070,1,32141798,2.221e-02,1.653
fk00071,1,32690440,3.218e-02,1.492
fk00072,1,32866704,7.413e-01,0.130
fk00073,1,32875743,4.201e-01,0.377
fk00074,1,33348842,8.251e-01,0.083
fk00075,1,33391990,8.496e-01,0.071
fk00076,1,33500029,2.729e-02,1.564
fk00077,1,33639964,7.181e-02,1.144
fk00078,1,33860612,3.525e-01,0.453
fk00079,1,35083781,2.007e-01,0.697
fk00080,1,35582887,5.861e-01,0.232
fk00081,1,36031556,6.272e-01,0.203
fk00082,1,36148773,2.450e-01,0.611
fk00083,1,36762042,3.592e-01,0.445
fk00084,1,36914127,6.540e-01,0.184
fk00085,1,37699469,6.092e-01,0.215
fk00086,1,37803512,8.937e-02,1.049
fk00087,1,38037500,9.030e-01,0.044
fk00088,1,38371397,3.393e-01,0.469
fk00089,1,38928763,9.215e-01,0.036
fk00090,1,39406076,2.812e-01,0.551
fk00091,1,39790422,5.290e-01,0.277
fk00092,1,40862385,4.662e-01,0.331
fk00093,1,40893157,6.082e-02,1.216
fk00094,1,41286957,5.287e-01,0.277
fk00095,1,42116897,8.712e-01,0.060
fk00096,1,42185625,6.981e-01,0.156
fk00097,1,42688926,1.785e-01,0.748
fk00098,1,42700942,9.150e-02,1.039
fk00099,1,43731080,6.333e-01,0.198
fk00100,1,44097058,7.680e-01,0.115
fk00101,1,44191404,3.213e-01,0.493
fk00102,1,44485981,9.060e-01,0.043
fk00103,1,44722042,2.525e-01,0.598
fk00104,1,44848138,2.050e-01,0.688
fk00105,1,44861047,2.271e-02,1.644
fk00106,1,45019036,3.579e-01,0.446
fk00107,1,45105807,4.116e-02,1.386
fk00108,1,45566268,9.899e-02,1.004
fk00109,1,45677678,3.663e-01,0.436
fk00110,1,45708723,9.652e-01,0.015
fk00111,1,46752372,8.046e-01,0.094
fk00112,1,46974573,2.516e-01,0.599
fk00113,1,47000883,8.142e-01,0.089
fk00114,1,47328554,4.368e-01,0.360
fk00115,1,47624632,9.736e-01,0.012
fk00116,1,47833301,8.342e-01,0.079
fk00117,1,48362123,9.472e-01,0.024
fk00118,1,48473362,6.515e-01,0.186
fk00119,1,50129600,7.133e-01,0.147
fk00120,1,50483638,4.651e-01,0.332
fk00121,1,50856118,9.750e-01,0.011
fk00122,1,51056059,8.165e-01,0.088
fk00123,1,51134349,2.847e-01,0.546
fk00124,1,51578609,9.038e-01,0.044
fk00125,1,52275817,9.556e-01,0.020
fk00126,1,53012447,7.736e-02,1.111
fk00127,1,53246051,9.234e-01,0.035
fk00128,1,53750595,7.962e-01,0.099
fk00129,1,54178219,3.404e-01,0.468
fk00130,1,55125701,9.346e-01,0.029
fk00131,1,55727315,2.211e-01,0.655
fk00132,1,56024206,3.831e-01,0.417
fk00133,1,56115444,4.443e-01,0.352
fk00134,1,56148185,2.093e-01,0.679
fk00135,1,56433129,1.602e-01,0.795
fk00136,1,56786566,6.575e-01,0.182
fk00137,1,57097383,8.915e-02,1.050
fk00138,1,57689064,6.512e-01,0.186
fk00139,1,58187146,3.708e-01,0.431
fk00140,1,58898847,4.494e-01,0.347
fk00141,1,59301299,1.785e-01,0.748
fk00142,1,60119063,2.750e-01,0.561
fk00143,1,60798440,5.384e-01,0.269
fk00144,1,61180841,3.509e-01,0.455
fk00145,1,61482332,3.715e-02,1.430
fk00146,1,61512986,6.531e-01,0.185
fk00147,1,62013305,3.823e-01,0.418
fk00148,1,62842530,8.384e-01,0.077
fk00149,1,62887163,1.311e-01,0.882
fk00150,1,63017312,3.493e-01,0.457
fk00151,1,63139016,4.580e-01,0.339
fk00152,1,63173132,6.189e-03,2.208
fk00153,1,63228700,6.555e-01,0.183
fk00154,1,63840491,1.047e-01,0.980
fk00155,1,63876305,7.748e-01,0.111
fk00156,1,64724959,9.619e-01,0.017
fk00157,1,64942577,3.221e-01,0.492
fk00158,1,64985737,4.063e-02,1.391
fk00159,1,65018029,6.925e-01,0.160
fk00160,1,65313005,8.376e-01,0.077
fk00161,1,66172161,3.828e-02,1.417
fk00162,1,66804064,9.033e-01,0.044
fk00163,1,67472610,8.423e-01,0.075
fk00164,1,67709826,2.499e-01,0.602
fk00165,1,68127903,2.820e-01,0.550
fk00166,1,68234409,6.838e-01,0.165
fk00167,1,68898715,3.826e-01,0.417
fk00168,1,68978958,2.398e-01,0.620
fk00169,1,69841020,6.929e-01,0.159
fk00170,1,70645663,6.459e-01,0.190
fk00171,1,71081198,8.732e-01,0.059
fk00172,1,71118029,1.853e-01,0.732
fk00173,1,73329016,8.924e-02,1.049
fk00174,1,73615683,8.493e-01,0.071
fk00175,1,74123736,8.361e-01,0.078
fk00176,1,74325485,5.739e-01,0.241
fk00177,1,74701360,2.859e-01,0.544
fk00178,1,74790930,5.276e-01,0.278
fk00179,1,75294324,8.343e-01,0.079
fk00180,1,75326855,7.047e-01,0.152
fk00181,1,75484844,3.595e-01,0.444
fk00182,1,76434374,6.716e-01,0.173
fk00183,1,76492452,3.897e-01,0.409
fk00184,1,76572521,7.896e-01,0.103
fk00185,1,77918406,1.604e-01,0.795
fk00186,1,78233371,4.083e-01,0.389
fk00187,1,78325403,6.770e-02,1.169
fk00188,1,78345296,6.113e-01,0.214
fk00189,1,78500774,3.643e-01,0.439
fk00190,1,78575564,7.246e-01,0.140
fk00191,1,78697850,1.395e-01,0.855
fk00192,1,79128702,6.528e-01,0.185
fk00193,1,79915312,6.318e-01,0.199
fk00194,1,80638701,3.393e-01,0.469
fk00195,1,81598728,1.243e-01,0.906
fk00196,1,81712180,1.676e-01,0.776
fk00197,1,82114470,2.266e-01,0.645
fk00198,1,82855895,6.346e-01,0.197
fk00199,1,83497871,9.289e-01,0.032
fk00200,1,83898587,8.152e-02,1.089
fk00201,1,83953093,5.250e-01,0.280
fk00202,1,84500288,3.449e-01,0.462
fk00203,1,85022798,2.074e-01,0.683
fk00204,1,85079261,6.792e-01,0.168
fk00205,1,86483087,7.994e-02,1.097
fk00206,1,87229670,2.407e-01,0.619
fk00207,1,87295658,8.887e-01,0.051
fk00208,1,87824734,3.046e-01,0.516
fk00209,1,87839953,5.993e-01,0.222
fk00210,1,88025235,4.796e-01,0.319
fk00211,1,88169251,7.706e-01,0.113
fk00212,1,88950921,8.439e-01,0.074
fk00213,1,89322022,3.629e-01,0.440
fk00214,1,89375217,9.159e-01,0.038
fk00215,1,89478618,6.530e-01,0.185
fk00216,1,89944013,1.879e-01,0.726
fk00217,1,90046952,4.587e-01,0.338
fk00218,1,90441728,1.142e-01,0.942
fk00219,1,90619290,5.711e-01,0.243
fk00220,1,90729704,6.877e-01,0.163
fk00221,1,92060374,6.812e-01,0.167
fk00222,1,92310454,3.960e-01,0.402
fk00223,1,92758018,5.317e-01,0.274
fk00224,1,94228914,2.816e-01,0.550
fk00225,1,94251008,1.375e-01,0.862
fk00226,1,94681006,8.479e-01,0.072
fk00227,1,94936678,9.773e-01,0.010
fk00228,1,95256598,9.707e-01,0.013
fk00229,1,95422796,8.047e-01,0.094
fk00230,1,95507581,7.455e-02,1.128
fk00231,1,95875395,9.748e-01,0.011
fk00232,1,96353907,9.268e-01,0.033
fk00233,1,96577616,5.797e-03,2.237
fk00234,1,96756445,7.544e-01,0.122
fk00235,1,97617384,2.148e-01,0.668
fk00236,1,98044316,2.220e-01,0.654
fk00237,1,98089547,4.904e-01,0.309
fk00238,1,98131123,4.840e-01,0.315
fk00239,1,99148566,9.941e-01,0.003
fk00240,1,99917251,9.883e-01,0.005
fk00241,1,100434637,2.149e-01,0.668
fk00242,1,100665153,2.257e-01,0.646
fk00243,1,100691161,2.880e-01,0.541
fk00244,1,101136963,3.720e-01,0.429
fk00245,1,102056756,7.305e-01,0.136
fk00246,1,102711922,8.211e-01,0.086
fk00247,1,103032938,3.342e-01,0.476
fk00248,1,103275633,4.636e-01,0.334
fk00249,1,103336093,8.620e-01,0.064
fk00250,1,103395927,1.492e-01,0.826
fk00251,1,105217184,6.206e-01,0.207
fk00252,1,105319599,9.831e-02,1.007
fk00253,1,106741078,8.406e-01,0.075
fk00254,1,107044901,1.497e-01,0.825
fk00255,1,107692115,1.167e-02,1.933
fk00256,1,108085013,2.815e-01,0.551
fk00257,1,108210520,9.402e-01,0.027
fk00258,1,108414789,3.230e-01,0.491
fk00259,1,108727816,4.687e-01,0.329
fk00260,1,109045034,2.323e-01,0.634
fk00261,1,109183042,8.124e-01,0.090
fk00262,1,109453246,6.982e-02,1.156
fk00263,1,109458414,4.721e-01,0.326
fk00264,1,110093321,6.613e-01,0.180
fk00265,1,110202204,5.831e-01,0.234
fk00266,1,111038821,8.702e-01,0.060
fk00267,1,111716608,7.856e-01,0.105
fk00268,1,112478765,6.643e-01,0.178
fk00269,1,113123768,4.671e-01,0.331
fk00270,1,113543596,1.607e-01,0.794
fk00271,1,113576376,1.751e-01,0.757
fk00272,1,113708584,6.214e-02,1.207
fk00273,1,113931146,6.767e-01,0.170
fk00274,1,113994546,3.457e-01,0.461
fk00275,1,114249844,3.297e-01,0.482
fk00276,1,114762946,5.418e-01,0.266
fk00277,1,114971138,5.043e-01,0.297
fk00278,1,115378074,6.268e-02,1.203
fk00279,1,115428775,2.086e-01,0.681
fk00280,1,115814721,7.515e-01,0.124
fk00281,1,115859835,8.631e-01,0.064
fk00282,1,118212423,6.263e-02,1.203
fk00283,1,118489780,3.369e-01,0.472
fk00284,1,119009923,4.697e-01,0.328
fk00285,1,120821783,2.321e-01,0.634
fk00286,1,121242715,2.229e-01,0.652
fk00287,1,122176880,4.829e-01,0.316
fk00288,1,122213876,3.747e-01,0.426
fk00289,1,122605772,4.590e-01,0.338
fk00290,1,122851085,5.181e-01,0.286
fk00291,1,123766697,3.347e-01,0.475
fk00292,1,124429969,3.237e-01,0.490
fk00293,1,125181979,8.301e-01,0.081
fk00294,1,125318426,7.303e-01,0.136
fk00295,1,125754889,6.922e-01,0.160
fk00296,1,126070941,2.544e-02,1.594
fk00297,1,126680322,2.274e-03,2.643
fk00298,1,126717880,8.592e-02,1.066
fk00299,1,127034964,9.726e-01,0.012
fk00300,1,127387700,9.221e-01,0.035
fk00301,1,128965170,3.677e-01,0.435
fk00302,1,129585312,9.307e-01,0.031
fk00303,1,130080839,7.355e-01,0.133
fk00304,1,131793952,7.463e-01,0.127
fk00305,1,131980853,6.344e-01,0.198
fk00306,1,132137071,1.895e-01,0.722
fk00307,1,132392693,6.076e-01,0.216
fk00308,1,133314674,1.019e-02,1.992
fk00309,1,134389984,1.725e-02,1.763
fk00310,1,134513667,2.362e-01,0.627
fk00311,1,134770463,9.312e-01,0.031
fk00312,1,134865430,8.794e-01,0.056
fk00313,1,135204618,1.254e-01,0.902
fk00314,1,135274295,5.453e-01,0.263
fk00315,1,136194846,3.236e-01,0.490
fk00316,1,136758783,6.494e-01,0.187
fk00317,1,137219639,7.877e-01,0.104
fk00318,1,137969294,7.295e-01,0.137
fk00319,1,138082765,2.164e-01,0.665
fk00320,1,138300904,3.907e-01,0.408
fk00321,1,138809721,4.842e-01,0.315
fk00322,1,139063185,6.187e-01,0.209
fk00323,1,139427711,8.523e-01,0.069
fk00324,1,139571508,2.884e-01,0.540
fk00325,1,139802294,3.101e-01,0.508
fk00326,1,139910558,3.618e-01,0.442
fk00327,1,140355523,3.018e-01,0.520
fk00328,1,141014375,5.848e-01,0.233
fk00329,1,141346803,4.978e-01,0.303
fk00330,1,142265437,9.146e-01,0.039
fk00331,1,142305940,3.680e-02,1.434
fk00332,1,142774213,5.930e-01,0.227
fk00333,1,143030613,2.656e-01,0.576
fk00334,1,143449393,5.076e-01,0.294
fk00335,1,143458629,5.927e-01,0.227
fk00336,1,144319403,2.907e-02,1.537
fk00337,1,144627360,3.795e-01,0.421
fk00338,1,145465080,1.876e-01,0.727
fk00339,1,145590402,6.019e-01,0.220
fk00340,1,146032369,5.260e-01,0.279
fk00341,1,146127516,6.178e-01,0.209
fk00342,1,146268328,3.294e-01,0.482
fk00343,1,147402079,7.481e-01,0.126
fk00344,1,147559821,6.627e-01,0.179
fk00345,1,147949345,9.972e-01,0.001
fk00346,1,148421155,7.166e-01,0.145
fk00347,1,148537584,6.270e-01,0.203
fk00348,1,148548717,9.434e-01,0.025
fk00349,1,150051342,5.562e-01,0.255
fk00350,1,151248166,7.057e-01,0.151
fk00351,1,151322939,5.718e-01,0.243
fk00352,1,151819166,9.779e-01,0.010
fk00353,1,151821897,7.465e-01,0.127
fk00354,1,152449227,5.686e-01,0.245
fk00355,1,152742892,2.691e-01,0.570
fk00356,1,154838615,5.759e-01,0.240
fk00357,1,155174583,9.776e-01,0.010
fk00358,1,155320073,1.987e-01,0.702
fk00359,1,155450086,5.834e-01,0.234
fk00360,1,155504367,2.706e-01,0.568
fk00361,1,156127704,4.994e-01,0.302
fk00362,1,156212512,7.044e-01,0.152
fk00363,1,156461737,1.654e-01,0.781
fk00364,1,156617599,2.336e-01,0.632
fk00365,1,157155013,6.262e-01,0.203
fk00366,1,157258191,8.314e-01,0.080
fk00367,1,157723592,4.016e-01,0.396
fk00368,1,158184120,7.848e-02,1.105
fk00369,1,158226784,1.170e-01,0.932
fk00370,1,158760147,3.802e-01,0.420
fk00371,1,158939657,3.038e-01,0.517
fk00372,1,159593269,6.309e-01,0.200
fk00373,1,159989913,3.307e-01,0.481
fk00374,1,160167930,3.677e-01,0.435
fk00375,1,160460532,5.459e-01,0.263
fk00376,1,161240418,2.361e-01,0.627
fk00377,1,161319781,1.993e-01,0.700
fk00378,1,161534027,1.406e-01,0.852
fk00379,1,162172274,2.867e-02,1.543
fk00380,1,162804347,8.506e-01,0.070
fk00381,1,162901777,6.397e-02,1.194
fk00382,1,162957799,5.630e-01,0.249
fk00383,1,163282178,7.298e-01,0.137
fk00384,1,163677214,8.275e-02,1.082
fk00385,1,164245559,2.476e-01,0.606
fk00386,1,164337471,4.592e-01,0.338
fk00387,1,165847166,9.187e-01,0.037
fk00388,1,166127095,7.976e-01,0.098
fk00389,1,166945708,4.905e-01,0.309
fk00390,1,167022017,4.018e-03,2.396
fk00391,1,167090585,9.631e-01,0.016
fk00392,1,167407904,6.356e-01,0.197
fk00393,1,167882092,9.723e-01,0.012
fk00394,1,168028601,6.271e-01,0.203
fk00395,1,168058121,9.312e-01,0.031
fk00396,1,168597992,3.737e-01,0.427
fk00397,1,169445514,9.369e-01,0.028
fk00398,1,170492715,8.129e-01,0.090
fk00399,1,170625431,1.303e-01,0.885
fk00400,1,170887959,7.876e-01,0.104
fk00401,1,171635673,1.170e-01,0.932
fk00402,1,172075084,2.970e-01,0.527
fk00403,1,172472088,5.828e-01,0.234
fk00404,1,173860812,2.425e-01,0.615
fk00405,1,176016006,9.861e-01,0.006
fk00406,1,176385279,2.486e-01,0.604
fk00407,1,176839793,1.828e-01,0.738
fk00408,1,176950958,7.128e-01,0.147
fk00409,1,177077194,8.382e-02,1.077
fk00410,1,177599372,6.194e-01,0.208
fk00411,1,178071173,6.739e-01,0.171
fk00412,1,178138074,7.107e-01,0.148
fk00413,1,178341935,7.476e-01,0.126
fk00414,1,178532673,5.045e-01,0.297
fk00415,1,178698725,5.892e-01,0.230
fk00416,1,179377773,4.582e-01,0.339
fk00417,1,180356265,8.319e-01,0.080
fk00418,1,180419312,8.601e-01,0.065
fk00419,1,180553168,1.209e-01,0.918
fk00420,1,181398766,1.967e-01,0.706
fk00421,1,181564008,8.555e-01,0.068
fk00422,1,182004297,3.297e-01,0.482
fk00423,1,182456162,2.983e-01,0.525
fk00424,1,183146477,1.575e-01,0.803
fk00425,1,183755137,7.458e-01,0.127
fk00426,1,184210831,4.819e-01,0.317
fk00427,1,184285738,1.215e-01,0.915
fk00428,1,184865182,5.300e-01,0.276
fk00429,1,185640652,1.783e-01,0.749
fk00430,1,186055468,1.510e-01,0.821
fk00431,1,186659439,1.108e-01,0.955
fk00432,1,187169558,7.419e-01,0.130
fk00433,1,187419719,1.752e-01,0.756
fk00434,1,187753112,1.237e-01,0.908
fk00435,1,188177501,4.168e-01,0.380
fk00436,1,188311268,7.788e-01,0.109
fk00437,1,189399589,7.705e-01,0.113
fk00438,1,189542099,3.014e-01,0.521
fk00439,1,189580389,1.666e-01,0.778
fk00440,1,189860834,4.373e-01,0.359
fk00441,1,190361102,7.541e-01,0.123
fk00442,1,190421741,7.969e-01,0.099
fk00443,1,190597774,1.856e-01,0.731
fk00444,1,191584809,6.647e-01,0.177
fk00445,1,191735619,3.202e-01,0.495
fk00446,1,192127820,7.086e-01,0.150
fk00447,1,192593356,6.321e-01,0.199
fk00448,1,193052304,4.709e-01,0.327
fk00449,1,193300510,3.739e-01,0.427
fk00450,1,194115871,2.644e-01,0.578
fk00451,1,194521695,7.631e-01,0.117
fk00452,1,194763931,4.730e-01,0.325
fk00453,1,195375503,7.409e-01,0.130
fk00454,1,195476881,5.422e-01,0.266
fk00455,1,195540531,7.108e-01,0.148
fk00456,1,196384845,1.237e-02,1.908
fk00457,1,196406836,8.472e-01,0.072
fk00458,1,196523819,6.578e-01,0.182
fk00459,1,196860272,6.812e-01,0.167
fk00460,1,197995256,8.782e-01,0.056
fk00461,1,198353623,6.721e-01,0.173
fk00462,1,198973558,9.514e-02,1.022
fk00463,1,199017383,4.530e-01,0.344
fk00464,1,199066237,4.435e-02,1.353
fk00465,1,199197872,3.432e-01,0.464
fk00466,1,199778451,1.752e-01,0.756
fk00467,1,199822044,1.604e-01,0.795
fk00468,1,200547747,4.101e-01,0.387
fk00469,1,200744070,2.310e-01,0.636
fk00470,1,200971140,9.206e-01,0.036
fk00471,1,201243380,1.978e-01,0.704
fk00472,1,202801667,4.584e-01,0.339
fk00473,1,203274434,2.075e-01,0.683
fk00474,1,203470384,4.960e-01,0.305
fk00475,1,204301378,5.773e-01,0.239
fk00476,1,204856052,7.936e-01,0.100
fk00477,1,205538950,6.520e-01,0.186
fk00478,1,206139646,4.476e-01,0.349
fk00479,1,206256858,6.701e-01,0.174
fk00480,1,206992228,2.620e-01,0.582
fk00481,1,208034886,7.702e-01,0.113
fk00482,1,208827645,4.210e-01,0.376
fk00483,1,209212049,2.360e-01,0.627
fk00484,1,209306014,3.464e-01,0.460
fk00485,1,210368544,3.639e-01,0.439
fk00486,1,210620046,2.550e-01,0.593
fk00487,1,212744284,8.911e-01,0.050
fk00488,1,213754195,3.305e-02,1.481
fk00489,1,214674780,6.606e-01,0.180
fk00490,1,214691592,6.542e-01,0.184
fk00491,1,215870933,9.316e-01,0.031
fk00492,1,216156619,7.868e-01,0.104
fk00493,1,216791579,9.250e-01,0.034
fk00494,1,216920869,1.048e-01,0.980
fk00495,1,216946927,3.138e-01,0.503
fk00496,1,217046481,8.127e-01,0.090
fk00497,1,217300860,6.404e-01,0.194
fk00498,1,217476169,1.892e-01,0.723
fk00499,1,218373478,8.208e-01,0.086
fk00500,1,219876766,5.753e-01,0.240
fk00501,1,221162987,9.938e-01,0.003
fk00502,1,224427711,4.556e-01,0.341
fk00503,1,225135474,7.264e-01,0.139
fk00504,1,225158742,9.537e-01,0.021
fk00505,1,225176467,4.336e-01,0.363
fk00506,1,225390639,5.949e-01,0.226
fk00507,1,225453634,4.017e-02,1.396
fk00508,1,226181958,8.150e-01,0.089
fk00509,1,226487798,6.477e-01,0.189
fk00510,1,226658447,6.729e-01,0.172
fk00511,1,227074931,5.431e-01,0.265
fk00512,1,227600466,4.326e-01,0.364
fk00513,1,227694452,7.208e-01,0.142
fk00514,1,229400686,8.935e-03,2.049
fk00515,1,229528393,7.822e-01,0.107
fk00516,1,229931614,5.374e-01,0.270
fk00517,1,230972274,6.192e-02,1.208
fk00518,1,231823651,7.754e-01,0.110
fk00519,1,232770931,6.340e-01,0.198
fk00520,1,232801468,1.648e-01,0.783
fk00521,1,232967801,6.999e-01,0.155
fk00522,1,233050677,6.125e-01,0.213
fk00523,1,233451981,9.432e-01,0.025
fk00524,1,233479636,5.643e-01,0.248
fk00525,1,234062136,9.587e-01,0.018
fk00526,1,234562023,5.743e-01,0.241
fk00527,1,235562111,5.152e-01,0.288
fk00528,1,236625726,1.702e-01,0.769
fk00529,1,236727546,6.169e-02,1.210
fk00530,1,236754199,9.551e-01,0.020
fk00531,1,236902387,3.144e-01,0.503
fk00532,1,237718976,3.001e-03,2.523
fk00533,1,238685239,2.478e-01,0.606
fk00534,1,239800448,3.253e-01,0.488
fk00535,1,239970039,2.200e-01,0.658
fk00536,1,241004046,4.698e-01,0.328
fk00537,1,242719259,1.652e-01,0.782
fk00538,1,243594148,1.045e-01,0.981
fk00539,1,244207625,8.790e-01,0.056
fk00540,1,245583450,1.554e-01,0.809
fk00541,1,245847678,5.482e-02,1.261
fk00542,1,246147955,5.842e-01,0.233
fk00543,1,246346117,4.082e-01,0.389
fk00544,1,247416988,2.903e-01,0.537
fk00545,1,247902074,8.879e-01,0.052
fk00546,2,148247,9.828e-01,0.008
fk00547,2,412506,1.831e-01,0.737
fk00548,2,501538,6.837e-02,1.165
fk00549,2,610977,4.030e-01,0.395
fk00550,2,1776825,2.681e-01,0.572
fk00551,2,2550811,6.580e-01,0.182
fk00552,2,2612796,3.466e-01,0.460
fk00553,2,2834265,7.505e-01,0.125
fk00554,2,3331315,3.063e-01,0.514
fk00555,2,3868851,8.148e-01,0.089
fk00556,2,4266849,3.507e-01,0.455
fk00557,2,4756375,5.839e-02,1.234
fk00558,2,4835576,5.301e-02,1.276
fk00559,2,4928541,7.796e-01,0.108
fk00560,2,5276510,2.970e-01,0.527
fk00561,2,5352610,5.974e-01,0.224
fk00562,2,5534613,4.676e-01,0.330
fk00563,2,7101099,4.189e-01,0.378
fk00564,2,7192006,3.589e-01,0.445
fk00565,2,7454567,9.964e-01,0.002
fk00566,2,7519706,7.621e-01,0.118
fk00567,2,8009817,8.753e-01,0.058
fk00568,2,8162522,5.085e-01,0.294
fk00569,2,8576570,9.768e-01,0.010
fk00570,2,8679303,1.615e-01,0.792
fk00571,2,8705990,6.540e-01,0.184
fk00572,2,10561407,1.950e-01,0.710
fk00573,2,10765007,4.350e-01,0.362
fk00574,2,11261081,1.633e-01,0.787
fk00575,2,11642365,8.487e-01,0.071
fk00576,2,11692284,4.035e-01,0.394
fk00577,2,12095594,7.935e-01,0.100
fk00578,2,12755523,8.962e-01,0.048
fk00579,2,13489381,1.796e-01,0.746
fk00580,2,13665256,9.014e-01,0.045
fk00581,2,14092064,6.230e-01,0.206
fk00582,2,14146599,8.374e-01,0.077
fk00583,2,14773832,9.538e-01,0.021
fk00584,2,15577000,4.296e-01,0.367
fk00585,2,16243547,3.562e-01,0.448
fk00586,2,16514205,2.922e-01,0.534
fk00587,2,16828149,4.020e-01,0.396
fk00588,2,16863959,2.750e-01,0.561
fk00589,2,18038434,5.726e-01,0.242
fk00590,2,18130306,3.705e-01,0.431
fk00591,2,18329794,5.275e-01,0.278
fk00592,2,19342406,4.146e-01,0.382
fk00593,2,19412614,5.415e-01,0.266
fk00594,2,20050398,4.011e-01,0.397
fk00595,2,20772620,1.715e-01,0.766
fk00596,2,21064095,3.681e-01,0.434
fk00597,2,21122594,3.128e-01,0.505
fk00598,2,21744266,7.409e-01,0.130
fk00599,2,22126293,5.218e-02,1.282
fk00600,2,22857323,2.563e-01,0.591
fk00601,2,22961343,7.469e-01,0.127
fk00602,2,23149342,8.506e-01,0.070
fk00603,2,23185905,8.112e-01,0.091
fk00604,2,23980601,4.357e-01,0.361
fk00605,2,25173512,2.600e-01,0.585
fk00606,2,26266294,5.629e-01,0.250
fk00607,2,26758776,9.574e-01,0.019
fk00608,2,27732030,5.379e-01,0.269
fk00609,2,27877567,9.502e-01,0.022
fk00610,2,28161333,6.782e-01,0.169
fk00611,2,28354650,6.494e-02,1.187
fk00612,2,28564292,9.797e-01,0.009
fk00613,2,29179050,7.425e-01,0.129
fk00614,2,29645706,4.141e-01,0.383
fk00615,2,29878905,6.734e-01,0.172
fk00616,2,30663411,6.270e-01,0.203
fk00617,2,32672953,2.587e-01,0.587
fk00618,2,32886592,7.550e-01,0.122
fk00619,2,32993496,7.695e-01,0.114
fk00620,2,33975759,2.490e-01,0.604
fk00621,2,34075624,8.158e-01,0.088
fk00622,2,34076770,6.238e-01,0.205
fk00623,2,34198784,2.143e-01,0.669
fk00624,2,35352064,4.660e-01,0.332
fk00625,2,35657660,7.674e-01,0.115
fk00626,2,36875837,6.544e-01,0.184
fk00627,2,37068005,1.160e-01,0.936
fk00628,2,37675897,8.965e-01,0.047
fk00629,2,38225045,6.264e-01,0.203
fk00630,2,38418176,8.499e-01,0.071
fk00631,2,38637699,4.981e-01,0.303
fk00632,2,38812930,7.542e-01,0.123
fk00633,2,39014878,6.822e-01,0.166
fk00634,2,39886184,7.614e-01,0.118
fk00635,2,40684969,2.892e-01,0.539
fk00636,2,41128180,6.555e-01,0.183
fk00637,2,41757054,6.272e-01,0.203
fk00638,2,42551635,4.996e-01,0.301
fk00639,2,43617815,6.370e-01,0.196
fk00640,2,45180496,6.453e-01,0.190
fk00641,2,45750502,2.476e-01,0.606
fk00642,2,46669910,3.215e-01,0.493
fk00643,2,47087829,5.588e-01,0.253
fk00644,2,47994141,3.589e-01,0.445
fk00645,2,48220624,5.334e-01,0.273
fk00646,2,49022781,1.622e-01,0.790
fk00647,2,50347497,2.467e-01,0.608
fk00648,2,50384995,6.009e-01,0.221
fk00649,2,50421124,5.462e-02,1.263
fk00650,2,50505570,6.309e-01,0.200
fk00651,2,50853075,1.169e-01,0.932
fk00652,2,51055283,5.628e-01,0.250
fk00653,2,51895297,5.505e-01,0.259
fk00654,2,51996631,6.521e-01,0.186
fk00655,2,52255831,7.479e-01,0.126
fk00656,2,52384563,9.130e-01,0.040
fk00657,2,52797595,5.254e-01,0.280
fk00658,2,52977480,9.012e-01,0.045
fk00659,2,53794765,4.251e-01,0.372
fk00660,2,54092918,7.693e-01,0.114
fk00661,2,54424113,5.702e-01,0.244
fk00662,2,54572331,2.409e-01,0.618
fk00663,2,54741519,9.981e-01,0.001
fk00664,2,55086073,2.530e-01,0.597
fk00665,2,55605091,7.166e-01,0.145
fk00666,2,55625295,7.889e-01,0.103
fk00667,2,56076398,3.969e-01,0.401
fk00668,2,56135808,8.735e-01,0.059
fk00669,2,56313145,9.715e-01,0.013
fk00670,2,56935089,5.851e-02,1.233
fk00671,2,56948220,2.570e-01,0.590
fk00672,2,57369873,1.947e-01,0.711
fk00673,2,57619757,6.908e-01,0.161
fk00674,2,57932751,7.728e-01,0.112
fk00675,2,58435207,9.097e-03,2.041
fk00676,2,59159317,6.241e-01,0.205
fk00677,2,59348710,7.327e-02,1.135
fk00678,2,59582339,3.525e-01,0.453
fk00679,2,59587522,8.338e-01,0.079
fk00680,2,59716342,8.212e-01,0.086
fk00681,2,59931947,4.906e-01,0.309
fk00682,2,60019230,1.488e-01,0.827
fk00683,2,60336755,6.580e-01,0.182
fk00684,2,60863482,2.603e-01,0.585
fk00685,2,61088994,7.303e-01,0.136
fk00686,2,61309730,7.884e-01,0.103
fk00687,2,61468051,3.955e-02,1.403
fk00688,2,62254001,4.865e-01,0.313
fk00689,2,62452785,3.140e-01,0.503
fk00690,2,62985662,7.978e-02,1.098
fk00691,2,63362796,8.308e-01,0.081
fk00692,2,63574474,8.058e-01,0.094
fk00693,2,63809327,8.275e-01,0.082
fk00694,2,63836345,4.306e-01,0.366
fk00695,2,64262666,8.115e-01,0.091
fk00696,2,64356528,9.532e-01,0.021
fk00697,2,64688304,8.741e-01,0.058
fk00698,2,64971568,5.427e-01,0.265
fk00699,2,65200211,7.960e-01,0.099
fk00700,2,65381580,1.506e-01,0.822
fk00701,2,65645219,4.805e-01,0.318
fk00702,2,65823503,6.680e-01,0.175
fk00703,2,66320918,3.099e-01,0.509
fk00704,2,66559004,2.076e-03,2.683
fk00705,2,67587149,8.463e-01,0.072
fk00706,2,69112017,9.990e-01,0.000
fk00707,2,69288146,3.887e-01,0.410
fk00708,2,69919489,9.342e-01,0.030
fk00709,2,70011030,2.240e-01,0.650
fk00710,2,71029098,2.003e-01,0.698
fk00711,2,71766743,5.416e-01,0.266
fk00712,2,72371642,6.282e-01,0.202
fk00713,2,72686226,5.969e-01,0.224
fk00714,2,72861489,6.545e-01,0.184
fk00715,2,72972775,8.953e-02,1.048
fk00716,2,72999684,6.900e-01,0.161
fk00717,2,74124838,8.860e-01,0.053
fk00718,2,74341811,5.723e-01,0.242
fk00719,2,74674597,4.998e-01,0.301
fk00720,2,74980329,9.591e-01,0.018
fk00721,2,75352254,3.749e-01,0.426
fk00722,2,76061763,7.981e-02,1.098
fk00723,2,76576928,1.047e-01,0.980
fk00724,2,76599855,5.688e-01,0.245
fk00725,2,76952047,2.011e-01,0.697
fk00726,2,77022414,5.629e-01,0.250
fk00727,2,78172116,6.312e-01,0.200
fk00728,2,78595678,9.879e-01,0.005
fk00729,2,79336123,1.138e-01,0.944
fk00730,2,79696951,9.947e-01,0.002
fk00731,2,79912363,4.001e-01,0.398
fk00732,2,79970174,5.468e-01,0.262
fk00733,2,80474312,7.383e-01,0.132
fk00734,2,81305076,8.816e-01,0.055
fk00735,2,81427886,2.541e-01,0.595
fk00736,2,82258874,9.859e-01,0.006
fk00737,2,82766383,7.774e-01,0.109
fk00738,2,83207325,5.338e-01,0.273
fk00739,2,83363790,8.273e-01,0.082
fk00740,2,83948688,1.341e-01,0.873
fk00741,2,84002920,4.062e-01,0.391
fk00742,2,84598628,6.869e-01,0.163
fk00743,2,84646088,7.977e-01,0.098
fk00744,2,85368924,9.353e-01,0.029
fk00745,2,85905822,9.553e-01,0.020
fk00746,2,86574244,3.035e-01,0.518
fk00747,2,87451564,9.245e-01,0.034
fk00748,2,87843896,5.254e-02,1.280
fk00749,2,88049390,8.855e-02,1.053
fk00750,2,88247477,1.568e-01,0.805
fk00751,2,89696624,5.014e-01,0.300
fk00752,2,90303718,9.110e-01,0.040
fk00753,2,90580199,4.575e-01,0.340
fk00754,2,90821557,4.764e-01,0.322
fk00755,2,91359410,1.085e-01,0.965
fk00756,2,91570770,2.152e-02,1.667
fk00757,2,93027883,1.521e-01,0.818
fk00758,2,93137062,9.289e-01,0.032
fk00759,2,93817884,9.829e-02,1.007
fk00760,2,94375746,9.067e-01,0.043
fk00761,2,96519697,8.247e-01,0.084
fk00762,2,96600610,1.814e-01,0.741
fk00763,2,96843392,2.983e-02,1.525
fk00764,2,97335795,9.855e-02,1.006
fk00765,2,98121979,7.425e-01,0.129
fk00766,2,98536151,9.969e-01,0.001
fk00767,2,98762136,7.776e-01,0.109
fk00768,2,99648011,3.449e-02,1.462
fk00769,2,99962074,1.922e-01,0.716
fk00770,2,100334659,9.942e-02,1.003
fk00771,2,100577746,5.431e-01,0.265
fk00772,2,100685300,7.937e-01,0.100
fk00773,2,100983225,3.648e-01,0.438
fk00774,2,101127422,8.606e-01,0.065
fk00775,2,101388920,9.702e-01,0.013
fk00776,2,102717330,6.324e-01,0.199
fk00777,2,102737240,9.609e-01,0.017
fk00778,2,102754527,1.383e-01,0.859
fk00779,2,104465477,5.288e-01,0.277
fk00780,2,104692110,8.074e-02,1.093
fk00781,2,104767065,9.690e-01,0.014
fk00782,2,104876942,1.219e-01,0.914
fk00783,2,105130903,3.179e-01,0.498
fk00784,2,105220975,8.893e-01,0.051
fk00785,2,105655685,1.589e-01,0.799
fk00786,2,106108064,5.424e-01,0.266
fk00787,2,106700857,6.950e-01,0.158
fk00788,2,106812002,7.357e-01,0.133
fk00789,2,106967083,5.813e-01,0.236
fk00790,2,107067536,2.770e-01,0.558
fk00791,2,108057102,7.174e-01,0.144
fk00792,2,108716258,7.873e-03,2.104
fk00793,2,110814586,3.212e-01,0.493
fk00794,2,111898104,3.161e-02,1.500
fk00795,2,113081728,9.550e-01,0.020
fk00796,2,113714183,4.900e-01,0.310
fk00797,2,113977932,6.362e-03,2.196
fk00798,2,114732753,7.692e-01,0.114
fk00799,2,114795425,7.372e-01,0.132
fk00800,2,114912128,8.927e-01,0.049
fk00801,2,115794790,5.759e-03,2.240
fk00802,2,116332648,6.347e-01,0.197
fk00803,2,117131882,5.070e-01,0.295
fk00804,2,117236574,5.212e-01,0.283
fk00805,2,118378465,6.458e-01,0.190
fk00806,2,118431885,9.257e-01,0.034
fk00807,2,118551021,6.019e-01,0.220
fk00808,2,119008352,7.243e-01,0.140
fk00809,2,119091561,8.636e-01,0.064
fk00810,2,119430148,7.633e-03,2.117
fk00811,2,119721585,9.357e-01,0.029
fk00812,2,119970173,2.130e-01,0.672
fk00813,2,120069859,4.097e-01,0.388
fk00814,2,120627824,1.746e-01,0.758
fk00815,2,120738480,4.848e-01,0.314
fk00816,2,121856297,8.303e-01,0.081
fk00817,2,121985619,6.588e-01,0.181
fk00818,2,122148431,2.157e-01,0.666
fk00819,2,122448077,7.802e-01,0.108
fk00820,2,123022818,1.125e-01,0.949
fk00821,2,123598066,8.759e-02,1.058
fk00822,2,124511834,5.435e-01,0.265
fk00823,2,125062805,8.086e-01,0.092
fk00824,2,125092321,5.191e-01,0.285
fk00825,2,125403484,5.110e-02,1.292
fk00826,2,125568761,4.984e-01,0.302
fk00827,2,125796038,2.621e-01,0.582
fk00828,2,125914367,9.659e-01,0.015
fk00829,2,126057453,6.018e-01,0.221
fk00830,2,126629457,6.700e-01,0.174
fk00831,2,126814158,2.196e-01,0.658
fk00832,2,127026871,4.886e-01,0.311
fk00833,2,127961392,4.264e-01,0.370
fk00834,2,127975319,9.996e-01,0.000
fk00835,2,128757837,7.211e-02,1.142
fk00836,2,129348692,4.474e-01,0.349
fk00837,2,130443768,3.554e-01,0.449
fk00838,2,130604425,9.243e-01,0.034
fk00839,2,130674164,6.764e-01,0.170
fk00840,2,130885632,4.366e-01,0.360
fk00841,2,131183105,2.639e-02,1.579
fk00842,2,131349341,8.243e-01,0.084
fk00843,2,132245876,7.444e-02,1.128
fk00844,2,132384706,9.937e-01,0.003
fk00845,2,132600096,6.603e-01,0.180
fk00846,2,132743657,5.698e-01,0.244
fk00847,2,133434335,3.772e-01,0.423
fk00848,2,133464739,2.843e-01,0.546
fk00849,2,133566070,9.759e-02,1.011
fk00850,2,134348512,2.519e-01,0.599
fk00851,2,134445588,2.290e-01,0.640
fk00852,2,134506048,7.333e-01,0.135
fk00853,2,134747556,5.742e-01,0.241
fk00854,2,135149322,7.536e-01,0.123
fk00855,2,135354283,3.327e-01,0.478
fk00856,2,135420010,5.873e-01,0.231
fk00857,2,135527066,2.053e-01,0.688
fk00858,2,136069832,6.873e-01,0.163
fk00859,2,136488811,5.549e-01,0.256
fk00860,2,136918949,1.713e-01,0.766
fk00861,2,137104241,6.283e-02,1.202
fk00862,2,137715912,7.564e-02,1.121
fk00863,2,137825073,7.641e-01,0.117
fk00864,2,138010470,8.474e-01,0.072
fk00865,2,138534205,8.655e-01,0.063
fk00866,2,138848856,1.731e-01,0.762
fk00867,2,138976585,3.130e-01,0.504
fk00868,2,139258044,8.731e-01,0.059
fk00869,2,139826863,2.847e-01,0.546
fk00870,2,140247772,2.115e-01,0.675
fk00871,2,140870502,7.707e-02,1.113
fk00872,2,141520414,6.311e-01,0.200
fk00873,2,141628182,1.980e-01,0.703
fk00874,2,141872843,6.007e-01,0.221
fk00875,2,142534858,4.965e-01,0.304
fk00876,2,143485242,1.976e-01,0.704
fk00877,2,143878800,9.518e-01,0.021
fk00878,2,146159592,7.515e-01,0.124
fk00879,2,146403216,5.060e-02,1.296
fk00880,2,146475216,4.593e-01,0.338
fk00881,2,147380907,7.204e-01,0.142
fk00882,2,149212198,7.176e-01,0.144
fk00883,2,151058526,6.071e-01,0.217
fk00884,2,151128127,6.158e-01,0.211
fk00885,2,151526959,4.863e-01,0.313
fk00886,2,152323989,9.576e-01,0.019
fk00887,2,153344392,8.448e-01,0.073
fk00888,2,153789976,5.549e-03,2.256
fk00889,2,154274413,5.041e-01,0.297
fk00890,2,154873571,1.213e-01,0.916
fk00891,2,155135613,2.628e-01,0.580
fk00892,2,155351631,8.885e-02,1.051
fk00893,2,155621321,5.728e-02,1.242
fk00894,2,156338107,3.020e-01,0.520
fk00895,2,157074347,4.501e-01,0.347
fk00896,2,157840674,7.243e-02,1.140
fk00897,2,158737047,5.713e-01,0.243
fk00898,2,159052000,2.732e-01,0.564
fk00899,2,160427990,2.726e-01,0.564
fk00900,2,160746847,9.277e-01,0.033
fk00901,2,161071101,4.211e-01,0.376
fk00902,2,161648988,4.663e-01,0.331
fk00903,2,162303265,9.572e-01,0.019
fk00904,2,162335178,4.849e-01,0.314
fk00905,2,163465702,9.387e-01,0.027
fk00906,2,163550067,6.248e-01,0.204
fk00907,2,164768356,7.769e-01,0.110
fk00908,2,165114133,5.216e-01,0.283
fk00909,2,165174531,6.756e-01,0.170
fk00910,2,165692389,3.662e-01,0.436
fk00911,2,168329265,2.905e-01,0.537
fk00912,2,168413574,4.367e-02,1.360
fk00913,2,168451877,3.496e-01,0.456
fk00914,2,168815093,2.692e-01,0.570
fk00915,2,168861734,1.988e-01,0.702
fk00916,2,168949378,4.469e-01,0.350
fk00917,2,169123401,9.730e-01,0.012
fk00918,2,169187300,4.182e-02,1.379
fk00919,2,169795165,4.408e-02,1.356
fk00920,2,170313422,2.351e-01,0.629
fk00921,2,170382747,5.816e-01,0.235
fk00922,2,171120736,2.719e-01,0.566
fk00923,2,171529574,4.655e-01,0.332
fk00924,2,172323885,4.402e-01,0.356
fk00925,2,174374558,3.291e-01,0.483
fk00926,2,174381518,3.304e-01,0.481
fk00927,2,174838074,5.370e-01,0.270
fk00928,2,175143284,6.567e-01,0.183
fk00929,2,175886809,3.302e-01,0.481
fk00930,2,176212687,3.747e-01,0.426
fk00931,2,176428364,4.225e-01,0.374
fk00932,2,176755880,3.433e-01,0.464
fk00933,2,176903213,5.090e-01,0.293
fk00934,2,177124945,7.880e-01,0.103
fk00935,2,177166809,9.354e-01,0.029
fk00936,2,177848007,3.920e-01,0.407
fk00937,2,178200821,4.705e-01,0.327
fk00938,2,178665367,1.311e-01,0.882
fk00939,2,178739589,6.395e-01,0.194
fk00940,2,179305188,5.292e-01,0.276
fk00941,2,180402676,9.464e-01,0.024
fk00942,2,181622814,9.840e-01,0.007
fk00943,2,183496216,7.415e-01,0.130
fk00944,2,183761510,6.008e-01,0.221
fk00945,2,184245019,1.485e-02,1.828
fk00946,2,184376402,7.265e-01,0.139
fk00947,2,184406766,5.823e-01,0.235
fk00948,2,184484030,9.615e-01,0.017
fk00949,2,184658442,4.044e-01,0.393
fk00950,2,184709939,2.745e-01,0.561
fk00951,2,185707064,5.770e-01,0.239
fk00952,2,185734758,5.783e-01,0.238
fk00953,2,186427121,3.108e-01,0.508
fk00954,2,186845414,3.432e-01,0.464
fk00955,2,187349034,2.050e-01,0.688
fk00956,2,187468328,7.994e-01,0.097
fk00957,2,187854406,4.755e-01,0.323
fk00958,2,188537232,3.099e-01,0.509
fk00959,2,189449916,1.163e-01,0.934
fk00960,2,189674200,9.567e-01,0.019
fk00961,2,190107731,8.546e-01,0.068
fk00962,2,190781814,8.051e-01,0.094
fk00963,2,190822219,4.093e-02,1.388
fk00964,2,191231402,9.247e-01,0.034
fk00965,2,191916923,5.840e-01,0.234
fk00966,2,191930331,4.237e-01,0.373
fk00967,2,192561531,7.337e-01,0.134
fk00968,2,193144013,3.773e-01,0.423
fk00969,2,193248853,2.857e-02,1.544
fk00970,2,193459197,9.486e-01,0.023
fk00971,2,194221756,1.785e-01,0.748
fk00972,2,194691939,8.899e-01,0.051
fk00973,2,195858524,1.269e-01,0.897
fk00974,2,195859703,3.796e-01,0.421
fk00975,2,196327597,5.260e-01,0.279
fk00976,2,197382091,2.695e-01,0.569
fk00977,2,198063129,8.987e-01,0.046
fk00978,2,198316115,9.507e-01,0.022
fk00979,2,198572483,6.956e-01,0.158
fk00980,2,200507852,1.193e-02,1.923
fk00981,2,200508791,8.677e-01,0.062
fk00982,2,201832698,9.355e-01,0.029
fk00983,2,201834758,7.702e-01,0.113
fk00984,2,203088612,7.805e-01,0.108
fk00985,2,203162636,1.589e-01,0.799
fk00986,2,203163147,9.694e-01,0.013
fk00987,2,203490527,9.329e-01,0.030
fk00988,2,203584507,4.446e-01,0.352
fk00989,2,204079912,6.693e-01,0.174
fk00990,2,204293510,6.842e-01,0.165
fk00991,2,205346143,8.064e-01,0.093
fk00992,2,205963131,7.353e-03,2.134
fk00993,2,206045710,3.816e-01,0.418
fk00994,2,206116624,7.983e-01,0.098
fk00995,2,206400747,4.574e-01,0.340
fk00996,2,206841858,8.328e-02,1.079
fk00997,2,207102534,2.286e-01,0.641
fk00998,2,207585319,5.278e-01,0.278
fk00999,2,207867282,8.146e-01,0.089
fk01000,2,208518868,9.387e-01,0.027
fk01001,2,209231917,5.510e-01,0.259
fk01002,2,209326987,1.642e-01,0.785
fk01003,2,210346414,9.053e-01,0.043
fk01004,2,211358519,6.919e-01,0.160
fk01005,2,211710256,1.643e-01,0.784
fk01006,2,211766449,5.087e-01,0.294
fk01007,2,211864797,1.226e-01,0.912
fk01008,2,212155271,1.253e-01,0.902
fk01009,2,212310941,9.409e-01,0.026
fk01010,2,213058412,3.964e-01,0.402
fk01011,2,213353795,7.458e-01,0.127
fk01012,2,213902188,3.573e-01,0.447
fk01013,2,214260819,9.389e-01,0.027
fk01014,2,215317978,4.144e-01,0.383
fk01015,2,215677651,2.079e-03,2.682
fk01016,2,215860833,9.473e-02,1.024
fk01017,2,216678528,4.657e-02,1.332
fk01018,2,216761946,7.461e-01,0.127
fk01019,2,217244294,1.256e-01,0.901
fk01020,2,218353073,6.690e-01,0.175
fk01021,2,218638811,4.499e-01,0.347
fk01022,2,218862093,5.527e-01,0.258
fk01023,2,219297531,8.133e-01,0.090
fk01024,2,219600373,8.278e-01,0.082
fk01025,2,220356189,5.185e-01,0.285
fk01026,2,220499346,9.497e-01,0.022
fk01027,2,220603234,2.926e-01,0.534
fk01028,2,221361230,1.052e-01,0.978
fk01029,2,221866708,9.593e-01,0.018
fk01030,2,222372621,1.136e-01,0.945
fk01031,2,222458929,2.488e-02,1.604
fk01032,2,222829887,2.396e-01,0.621
fk01033,2,222835615,6.414e-01,0.193
fk01034,2,222952003,4.402e-02,1.356
fk01035,2,223564655,1.933e-01,0.714
fk01036,2,223639809,2.634e-01,0.579
fk01037,2,223967935,7.986e-01,0.098
fk01038,2,224257980,6.019e-01,0.220
fk01039,2,224292761,6.119e-01,0.213
fk01040,2,224342927,1.889e-01,0.724
fk01041,2,225318378,2.258e-01,0.646
fk01042,2,225595746,5.653e-01,0.248
fk01043,2,226055488,7.572e-01,0.121
fk01044,2,226176382,7.930e-01,0.101
fk01045,2,226323699,3.985e-01,0.400
fk01046,2,226638329,7.549e-01,0.122
fk01047,2,227554803,5.389e-01,0.268
fk01048,2,227650615,9.690e-01,0.014
fk01049,2,227939345,2.700e-01,0.569
fk01050,2,228573903,3.743e-01,0.427
fk01051,2,229373335,3.638e-01,0.439
fk01052,2,231236462,1.367e-02,1.864
fk01053,2,231936774,3.493e-01,0.457
fk01054,2,232039618,5.804e-01,0.236
fk01055,2,232071527,8.829e-01,0.054
fk01056,2,232986605,2.972e-01,0.527
fk01057,2,233338553,7.595e-02,1.119
fk01058,2,234568780,5.062e-01,0.296
fk01059,2,235003814,2.630e-01,0.580
fk01060,2,235142567,4.866e-01,0.313
fk01061,2,235290904,9.044e-02,1.044
fk01062,2,235776857,5.951e-02,1.225
fk01063,2,235805998,9.716e-01,0.013
fk01064,2,236606428,2.360e-01,0.627
fk01065,2,237143304,8.185e-01,0.087
fk01066,2,237618579,4.889e-01,0.311
fk01067,2,238124070,1.265e-02,1.898
fk01068,2,238409668,6.813e-01,0.167
fk01069,2,238559719,9.885e-01,0.005
fk01070,2,238817690,9.473e-01,0.024
fk01071,2,238878733,9.763e-01,0.010
fk01072,2,239004781,9.217e-01,0.035
fk01073,2,239603743,7.544e-01,0.122
fk01074,2,240024948,1.650e-02,1.783
fk01075,2,240112555,1.318e-01,0.880
fk01076,2,240164917,4.176e-01,0.379
fk01077,2,240710808,4.115e-01,0.386
fk01078,3,605189,1.463e-01,0.835
fk01079,3,688190,3.423e-01,0.466
fk01080,3,1259825,7.534e-01,0.123
fk01081,3,1263210,7.425e-01,0.129
fk01082,3,1779051,3.869e-01,0.412
fk01083,3,1827853,7.112e-01,0.148
fk01084,3,2319326,1.921e-01,0.716
fk01085,3,2654637,7.758e-01,0.110
fk01086,3,2673116,4.120e-01,0.385
fk01087,3,2757084,3.893e-01,0.410
fk01088,3,3679232,8.655e-01,0.063
fk01089,3,3684139,9.472e-01,0.024
fk01090,3,4063207,5.198e-01,0.284
fk01091,3,4125808,3.967e-02,1.402
fk01092,3,4340419,6.361e-01,0.196
fk01093,3,4526306,3.402e-01,0.468
fk01094,3,5515859,6.299e-01,0.201
fk01095,3,5997109,3.622e-01,0.441
fk01096,3,6293127,3.844e-01,0.415
fk01097,3,6977029,9.506e-01,0.022
fk01098,3,7140059,8.874e-02,1.052
fk01099,3,7141604,8.094e-01,0.092
fk01100,3,7339927,4.874e-01,0.312
fk01101,3,8121796,1.108e-01,0.955
fk01102,3,9737196,4.577e-01,0.339
fk01103,3,10204558,6.795e-01,0.168
fk01104,3,10300864,7.655e-01,0.116
fk01105,3,10334253,5.126e-01,0.290
fk01106,3,10354877,7.394e-01,0.131
fk01107,3,10802422,9.475e-01,0.023
fk01108,3,10897485,1.889e-01,0.724
fk01109,3,11284275,8.896e-01,0.051
fk01110,3,11332718,9.213e-01,0.036
fk01111,3,11556588,3.618e-01,0.442
fk01112,3,12140079,4.569e-01,0.340
fk01113,3,12700849,6.523e-02,1.186
fk01114,3,13838162,4.916e-01,0.308
fk01115,3,13897761,6.941e-01,0.159
fk01116,3,14153123,9.434e-01,0.025
fk01117,3,15668479,7.248e-01,0.140
fk01118,3,16000875,3.124e-01,0.505
fk01119,3,16437549,2.952e-01,0.530
fk01120,3,16654193,5.396e-01,0.268
fk01121,3,17010615,1.957e-01,0.708
fk01122,3,17574971,8.637e-01,0.064
fk01123,3,17976737,6.324e-01,0.199
fk01124,3,18357316,7.497e-01,0.125
fk01125,3,20709876,1.896e-01,0.722
fk01126,3,21194822,7.526e-01,0.123
fk01127,3,21274392,2.918e-02,1.535
fk01128,3,21454556,7.941e-01,0.100
fk01129,3,22605487,6.437e-01,0.191
fk01130,3,22717992,8.398e-01,0.076
fk01131,3,22737586,9.051e-01,0.043
fk01132,3,22784454,3.349e-01,0.475
fk01133,3,23183652,7.308e-01,0.136
fk01134,3,23518402,1.634e-01,0.787
fk01135,3,24042498,3.648e-01,0.438
fk01136,3,24129617,3.957e-01,0.403
fk01137,3,24249254,8.978e-01,0.047
fk01138,3,24783613,4.436e-01,0.353
fk01139,3,25755631,1.976e-01,0.704
fk01140,3,26236822,4.090e-01,0.388
fk01141,3,26308263,4.899e-01,0.310
fk01142,3,26805842,1.767e-01,0.753
fk01143,3,26832695,7.612e-01,0.119
fk01144,3,27175518,2.894e-01,0.539
fk01145,3,27306234,8.139e-01,0.089
fk01146,3,27748271,4.214e-01,0.375
fk01147,3,28552975,6.562e-01,0.183
fk01148,3,28861671,7.908e-02,1.102
fk01149,3,29078492,2.802e-02,1.553
fk01150,3,29846336,3.098e-01,0.509
fk01151,3,31407615,4.948e-01,0.306
fk01152,3,31911857,6.074e-01,0.217
fk01153,3,31953209,1.401e-01,0.854
fk01154,3,32255468,5.949e-04,3.226
fk01155,3,32763441,7.841e-01,0.106
fk01156,3,33046919,2.666e-01,0.574
fk01157,3,33823394,1.003e-01,0.999
fk01158,3,34685842,8.821e-01,0.054
fk01159,3,35164344,3.223e-01,0.492
fk01160,3,35307441,7.488e-01,0.126
fk01161,3,35346897,4.563e-01,0.341
fk01162,3,35602897,4.921e-01,0.308
fk01163,3,35797427,6.648e-01,0.177
fk01164,3,36517721,3.446e-01,0.463
fk01165,3,37012354,3.585e-01,0.446
fk01166,3,38810396,4.696e-01,0.328
fk01167,3,38834473,5.137e-01,0.289
fk01168,3,39757735,3.411e-01,0.467
fk01169,3,39910696,8.620e-01,0.064
fk01170,3,40081139,6.858e-01,0.164
fk01171,3,40332043,1.206e-01,0.919
fk01172,3,41072891,9.660e-03,2.015
fk01173,3,41490052,9.886e-01,0.005
fk01174,3,41526699,8.250e-01,0.084
fk01175,3,41853190,7.878e-01,0.104
fk01176,3,43161600,5.384e-01,0.269
fk01177,3,43328888,8.928e-01,0.049
fk01178,3,43992310,4.834e-01,0.316
fk01179,3,45223113,9.982e-01,0.001
fk01180,3,45267987,3.588e-01,0.445
fk01181,3,45434097,1.824e-01,0.739
fk01182,3,46100968,1.074e-01,0.969
fk01183,3,46216477,9.731e-01,0.012
fk01184,3,47266093,5.713e-01,0.243
fk01185,3,47872089,3.742e-01,0.427
fk01186,3,48034395,4.997e-02,1.301
fk01187,3,48275846,4.799e-01,0.319
fk01188,3,49015390,8.163e-01,0.088
fk01189,3,49138999,5.241e-01,0.281
fk01190,3,49242640,9.716e-01,0.013
fk01191,3,49441459,4.556e-01,0.341
fk01192,3,49899740,6.105e-01,0.214
fk01193,3,51089057,1.952e-01,0.710
fk01194,3,51147567,4.586e-01,0.339
fk01195,3,51164678,3.616e-01,0.442
fk01196,3,51205555,5.058e-01,0.296
fk01197,3,51783290,5.545e-01,0.256
fk01198,3,51889731,9.191e-01,0.037
fk01199,3,52063876,3.806e-01,0.420
fk01200,3,52557338,2.210e-01,0.656
fk01201,3,52653613,6.499e-01,0.187
fk01202,3,53258680,6.790e-01,0.168
fk01203,3,54115505,7.978e-02,1.098
fk01204,3,54876460,1.802e-01,0.744
fk01205,3,54921118,6.336e-01,0.198
fk01206,3,55894565,4.709e-01,0.327
fk01207,3,55935991,8.503e-02,1.070
fk01208,3,56032630,1.408e-01,0.851
fk01209,3,56227900,5.797e-01,0.237
fk01210,3,56628316,5.406e-01,0.267
fk01211,3,57099125,3.063e-01,0.514
fk01212,3,57875108,8.711e-01,0.060
fk01213,3,58418049,6.094e-01,0.215
fk01214,3,58637289,9.432e-01,0.025
fk01215,3,60274204,6.812e-01,0.167
fk01216,3,60385188,1.293e-01,0.888
fk01217,3,60729969,2.387e-01,0.622
fk01218,3,61501013,5.002e-01,0.301
fk01219,3,61762229,6.102e-03,2.215
fk01220,3,61763955,4.307e-03,2.366
fk01221,3,61770056,2.307e-03,2.637
fk01222,3,61818292,1.653e-04,3.782
fk01223,3,61824428,2.129e-05,4.672
fk01224,3,61846051,2.569e-06,5.590
fk01225,3,61869791,2.383e-06,5.623
fk01226,3,61883744,5.369e-08,7.270
fk01227,3,61889478,3.463e-08,7.461
fk01228,3,61892941,3.755e-07,6.425
fk01229,3,61902423,5.423e-08,7.266
fk01230,3,61904175,7.892e-08,7.103
fk01231,3,61906149,4.267e-08,7.370
fk01232,3,61913470,1.559e-07,6.807
fk01233,3,61916047,2.521e-08,7.598
fk01234,3,61941547,3.971e-09,8.401
fk01235,3,61941968,6.373e-10,9.196
fk01236,3,61942908,1.808e-09,8.743
fk01237,3,61946809,2.272e-08,7.644
fk01238,3,61951220,1.825e-08,7.739
fk01239,3,61975584,5.313e-10,9.275
fk01240,3,61975817,2.172e-09,8.663
fk01241,3,62001393,5.365e-09,8.270
fk01242,3,62020590,3.996e-10,9.398
fk01243,3,62046805,5.633e-09,8.249
fk01244,3,62053810,3.842e-10,9.415
fk01245,3,62056867,9.323e-09,8.030
fk01246,3,62071636,4.242e-09,8.372
fk01247,3,62081463,7.279e-09,8.138
fk01248,3,62111139,4.610e-07,6.336
fk01249,3,62118000,7.372e-08,7.132
fk01250,3,62135016,2.721e-06,5.565
fk01251,3,62142263,1.257e-06,5.901
fk01252,3,62144824,2.355e-06,5.628
fk01253,3,62144910,1.674e-06,5.776
fk01254,3,62153335,2.540e-05,4.595
fk01255,3,62189645,4.390e-04,3.358
fk01256,3,62202680,6.793e-04,3.168
fk01257,3,62213743,6.049e-04,3.218
fk01258,3,62243345,6.020e-03,2.220
fk01259,3,62254178,1.110e-02,1.955
fk01260,3,62256946,1.372e-02,1.863
fk01261,3,62464229,2.427e-01,0.615
fk01262,3,62507802,1.281e-01,0.892
fk01263,3,63839439,3.057e-01,0.515
fk01264,3,64481798,7.752e-01,0.111
fk01265,3,64609959,4.603e-01,0.337
fk01266,3,64715171,4.321e-01,0.364
fk01267,3,65875919,7.384e-01,0.132
fk01268,3,66181589,9.416e-01,0.026
fk01269,3,66666013,5.461e-01,0.263
fk01270,3,67557975,5.802e-01,0.236
fk01271,3,68980863,8.874e-01,0.052
fk01272,3,69905723,7.909e-01,0.102
fk01273,3,70818426,9.082e-01,0.042
fk01274,3,71029500,4.776e-01,0.321
fk01275,3,71787467,4.928e-02,1.307
fk01276,3,72410087,7.814e-01,0.107
fk01277,3,73602576,9.301e-01,0.031
fk01278,3,74415403,7.903e-01,0.102
fk01279,3,74458620,9.592e-01,0.018
fk01280,3,74693397,5.708e-02,1.244
fk01281,3,74744742,6.731e-01,0.172
fk01282,3,74816832,1.053e-01,0.978
fk01283,3,75672214,4.816e-02,1.317
fk01284,3,76033968,4.725e-01,0.326
fk01285,3,76294202,3.681e-01,0.434
fk01286,3,76603732,6.510e-01,0.186
fk01287,3,76844039,6.379e-01,0.195
fk01288,3,76869433,5.369e-01,0.270
fk01289,3,77073414,5.331e-01,0.273
fk01290,3,77118692,9.277e-01,0.033
fk01291,3,77322459,7.379e-01,0.132
fk01292,3,77799827,2.685e-01,0.571
fk01293,3,78996998,1.928e-01,0.715
fk01294,3,79090193,2.376e-01,0.624
fk01295,3,79547469,7.679e-01,0.115
fk01296,3,79917998,2.975e-01,0.527
fk01297,3,80121658,8.675e-01,0.062
fk01298,3,80188236,9.734e-01,0.012
fk01299,3,80203133,2.043e-02,1.690
fk01300,3,80242348,9.804e-01,0.009
fk01301,3,81046690,2.923e-02,1.534
fk01302,3,82315593,6.434e-01,0.192
fk01303,3,82890531,3.488e-01,0.457
fk01304,3,83476064,3.531e-01,0.452
fk01305,3,83894261,2.862e-01,0.543
fk01306,3,84080578,6.401e-02,1.194
fk01307,3,84213885,8.335e-01,0.079
fk01308,3,84297184,5.640e-01,0.249
fk01309,3,84449769,2.437e-01,0.613
fk01310,3,84890121,7.418e-01,0.130
fk01311,3,84944143,7.917e-01,0.101
fk01312,3,85469279,4.038e-02,1.394
fk01313,3,86507634,3.624e-02,1.441
fk01314,3,86696579,6.404e-01,0.194
fk01315,3,87509324,6.037e-01,0.219
fk01316,3,87783565,7.642e-01,0.117
fk01317,3,88385689,8.320e-01,0.080
fk01318,3,89760226,8.314e-01,0.080
fk01319,3,89941724,4.895e-01,0.310
fk01320,3,90128665,9.424e-01,0.026
fk01321,3,90373718,6.400e-01,0.194
fk01322,3,90576147,1.230e-01,0.910
fk01323,3,91589427,4.503e-01,0.346
fk01324,3,92013391,4.408e-01,0.356
fk01325,3,92167385,3.112e-01,0.507
fk01326,3,92608129,9.252e-01,0.034
fk01327,3,92804532,4.219e-02,1.375
fk01328,3,93236034,3.365e-01,0.473
fk01329,3,93813154,3.631e-01,0.440
fk01330,3,94621447,2.944e-01,0.531
fk01331,3,95001256,5.592e-02,1.252
fk01332,3,95334932,9.468e-01,0.024
fk01333,3,95461902,1.813e-02,1.742
fk01334,3,95576532,1.403e-01,0.853
fk01335,3,95782609,7.891e-01,0.103
fk01336,3,96502361,6.986e-01,0.156
fk01337,3,96935032,3.469e-01,0.460
fk01338,3,97562164,7.711e-01,0.113
fk01339,3,97607581,1.226e-01,0.912
fk01340,3,98307878,9.060e-01,0.043
fk01341,3,98755578,2.371e-02,1.625
fk01342,3,98894584,9.668e-01,0.015
fk01343,3,99464645,6.892e-01,0.162
fk01344,3,99789615,7.141e-01,0.146
fk01345,3,100009716,2.551e-01,0.593
fk01346,3,100049504,7.532e-01,0.123
fk01347,3,100980260,7.530e-02,1.123
fk01348,3,101057553,9.933e-01,0.003
fk01349,3,102166845,7.733e-02,1.112
fk01350,3,102387899,4.121e-02,1.385
fk01351,3,102591974,8.047e-01,0.094
fk01352,3,103124783,7.842e-01,0.106
fk01353,3,103458750,2.579e-01,0.589
fk01354,3,103721375,5.503e-01,0.259
fk01355,3,103783682,5.786e-01,0.238
fk01356,3,104014695,7.111e-01,0.148
fk01357,3,104178720,2.243e-01,0.649
fk01358,3,104352752,2.178e-01,0.662
fk01359,3,105065075,3.122e-01,0.506
fk01360,3,105476267,6.210e-01,0.207
fk01361,3,105477655,9.007e-01,0.045
fk01362,3,105604837,6.284e-02,1.202
fk01363,3,105701693,4.277e-01,0.369
fk01364,3,105901687,7.660e-01,0.116
fk01365,3,106686000,9.923e-01,0.003
fk01366,3,106892317,8.054e-01,0.094
fk01367,3,107218601,8.366e-01,0.077
fk01368,3,108466397,4.581e-01,0.339
fk01369,3,111254107,6.040e-01,0.219
fk01370,3,111386211,3.398e-01,0.469
fk01371,3,111480941,3.394e-01,0.469
fk01372,3,111566718,8.026e-01,0.096
fk01373,3,111936833,7.603e-02,1.119
fk01374,3,112067520,3.739e-01,0.427
fk01375,3,112504124,5.202e-01,0.284
fk01376,3,112695689,8.146e-02,1.089
fk01377,3,113950847,5.650e-01,0.248
fk01378,3,115480977,9.528e-01,0.021
fk01379,3,115506569,6.104e-01,0.214
fk01380,3,117053450,5.512e-01,0.259
fk01381,3,117829521,2.120e-01,0.674
fk01382,3,118128503,4.308e-01,0.366
fk01383,3,118141635,3.322e-01,0.479
fk01384,3,119685032,3.410e-02,1.467
fk01385,3,120463997,9.307e-01,0.031
fk01386,3,121248522,5.040e-01,0.298
fk01387,3,121419454,4.331e-02,1.363
fk01388,3,122165363,1.763e-01,0.754
fk01389,3,122427886,2.335e-02,1.632
fk01390,3,122963564,4.254e-01,0.371
fk01391,3,123056338,1.493e-01,0.826
fk01392,3,124386064,2.127e-01,0.672
fk01393,3,124431891,4.377e-02,1.359
fk01394,3,124765721,5.025e-01,0.299
fk01395,3,124894629,3.671e-01,0.435
fk01396,3,125189521,8.141e-01,0.089
fk01397,3,126022798,7.400e-01,0.131
fk01398,3,127181644,6.384e-01,0.195
fk01399,3,127194493,9.335e-01,0.030
fk01400,3,127315218,6.513e-01,0.186
fk01401,3,127763054,4.690e-01,0.329
fk01402,3,128481149,2.581e-01,0.588
fk01403,3,128596543,4.214e-01,0.375
fk01404,3,129550522,8.089e-01,0.092
fk01405,3,129654322,3.725e-01,0.429
fk01406,3,129886025,7.691e-01,0.114
fk01407,3,130213444,3.897e-01,0.409
fk01408,3,130761913,6.603e-01,0.180
fk01409,3,131100912,1.475e-01,0.831
fk01410,3,131769287,4.334e-02,1.363
fk01411,3,131878721,9.709e-01,0.013
fk01412,3,132168059,6.054e-01,0.218
fk01413,3,132984009,3.817e-01,0.418
fk01414,3,133448163,4.987e-01,0.302
fk01415,3,133738331,6.097e-01,0.215
fk01416,3,133913037,5.627e-01,0.250
fk01417,3,133927412,3.366e-01,0.473
fk01418,3,133932217,9.214e-01,0.036
fk01419,3,134193751,4.535e-01,0.343
fk01420,3,134423921,6.660e-01,0.177
fk01421,3,134610508,8.750e-02,1.058
fk01422,3,135955241,3.746e-02,1.426
fk01423,3,136260292,5.212e-01,0.283
fk01424,3,136934552,5.847e-01,0.233
fk01425,3,137947475,3.832e-01,0.417
fk01426,3,138056594,6.471e-01,0.189
fk01427,3,138902096,5.911e-01,0.228
fk01428,3,139145669,9.532e-01,0.021
fk01429,3,139559507,8.264e-01,0.083
fk01430,3,140239360,3.556e-01,0.449
fk01431,3,140441616,1.444e-01,0.840
fk01432,3,140879888,2.368e-01,0.626
fk01433,3,141552826,3.887e-01,0.410
fk01434,3,141603221,9.966e-01,0.001
fk01435,3,141764708,1.645e-01,0.784
fk01436,3,141944201,3.582e-01,0.446
fk01437,3,143527153,5.192e-01,0.285
fk01438,3,143681487,4.629e-01,0.335
fk01439,3,143953823,8.330e-01,0.079
fk01440,3,144729459,6.879e-01,0.162
fk01441,3,144758943,7.260e-01,0.139
fk01442,3,144788825,5.331e-01,0.273
fk01443,3,145459093,8.068e-01,0.093
fk01444,3,146894440,7.220e-01,0.141
fk01445,3,147635216,2.127e-01,0.672
fk01446,3,148834761,5.508e-01,0.259
fk01447,3,148879658,2.337e-01,0.631
fk01448,3,149154692,6.616e-01,0.179
fk01449,3,149290688,6.264e-01,0.203
fk01450,3,149309732,6.702e-01,0.174
fk01451,3,150659962,5.587e-01,0.253
fk01452,3,151419908,7.462e-01,0.127
fk01453,3,153414351,9.404e-02,1.027
fk01454,3,154059037,6.397e-01,0.194
fk01455,3,154233945,3.131e-01,0.504
fk01456,3,154311604,9.022e-01,0.045
fk01457,3,154489428,3.485e-02,1.458
fk01458,3,154660734,1.974e-01,0.705
fk01459,3,155101615,5.908e-01,0.229
fk01460,3,156137949,9.221e-01,0.035
fk01461,3,157136130,4.437e-01,0.353
fk01462,3,158617322,9.175e-01,0.037
fk01463,3,158618405,9.744e-01,0.011
fk01464,3,158834385,5.510e-01,0.259
fk01465,3,159194946,5.434e-01,0.265
fk01466,3,159885560,6.830e-01,0.166
fk01467,3,159973775,2.251e-01,0.648
fk01468,3,160088473,3.902e-01,0.409
fk01469,3,160181198,5.719e-01,0.243
fk01470,3,160331119,4.659e-01,0.332
fk01471,3,161315512,9.053e-01,0.043
fk01472,3,162078251,2.300e-01,0.638
fk01473,3,162938269,4.402e-01,0.356
fk01474,3,164886737,9.572e-01,0.019
fk01475,3,164952131,3.233e-01,0.490
fk01476,3,165289940,2.728e-01,0.564
fk01477,3,165394570,6.064e-01,0.217
fk01478,3,165527530,6.489e-01,0.188
fk01479,3,165721922,8.592e-01,0.066
fk01480,3,165779250,5.968e-01,0.224
fk01481,3,167537980,3.422e-01,0.466
fk01482,3,167987997,7.620e-01,0.118
fk01483,3,168036386,1.473e-01,0.832
fk01484,3,168289952,1.655e-01,0.781
fk01485,3,168392628,2.388e-01,0.622
fk01486,3,170761900,5.843e-01,0.233
fk01487,3,171214768,6.762e-01,0.170
fk01488,3,171931950,5.260e-01,0.279
fk01489,3,172125408,2.909e-01,0.536
fk01490,3,172469030,2.170e-01,0.664
fk01491,3,172474300,9.095e-01,0.041
fk01492,3,173643714,3.362e-01,0.473
fk01493,3,173924747,2.811e-01,0.551
fk01494,3,174646372,5.820e-01,0.235
fk01495,3,174980655,5.221e-01,0.282
fk01496,3,175229644,5.996e-02,1.222
fk01497,3,175304628,7.273e-01,0.138
fk01498,3,176587573,9.252e-01,0.034
fk01499,3,176986165,4.090e-01,0.388
fk01500,3,177092389,2.479e-01,0.606
fk01501,3,177441862,5.956e-01,0.225
fk01502,3,177609406,4.687e-01,0.329
fk01503,3,178111240,1.793e-01,0.746
fk01504,3,178639421,1.190e-02,1.924
fk01505,3,179161619,1.998e-01,0.699
fk01506,3,179193856,7.324e-01,0.135
fk01507,3,179570522,2.429e-01,0.615
fk01508,3,179828709,4.156e-01,0.381
fk01509,3,180222683,3.461e-01,0.461
fk01510,3,180576512,7.815e-01,0.107
fk01511,3,180676569,6.593e-01,0.181
fk01512,3,181643571,6.358e-01,0.197
fk01513,3,181974435,7.742e-01,0.111
fk01514,3,182097082,8.343e-02,1.079
fk01515,3,182317026,2.684e-01,0.571
fk01516,3,182408383,2.961e-01,0.529
fk01517,3,182435433,9.300e-01,0.032
fk01518,3,183659786,9.325e-01,0.030
fk01519,3,184542924,8.757e-01,0.058
fk01520,3,184964066,9.082e-02,1.042
fk01521,3,186804106,4.059e-01,0.392
fk01522,3,186887981,8.652e-01,0.063
fk01523,3,187026567,1.269e-01,0.897
fk01524,3,187044023,4.242e-01,0.372
fk01525,3,187598829,1.233e-01,0.909
fk01526,3,188649866,5.277e-01,0.278
fk01527,3,188722903,7.709e-01,0.113
fk01528,3,188745464,1.490e-02,1.827
fk01529,3,189165781,8.746e-02,1.058
fk01530,3,189321349,7.010e-02,1.154
fk01531,3,189660476,5.536e-02,1.257
fk01532,3,189862474,8.695e-01,0.061
fk01533,3,189874334,4.145e-02,1.382
fk01534,3,189965999,2.972e-01,0.527
fk01535,3,190150692,5.635e-01,0.249
fk01536,3,190201355,1.297e-01,0.887
fk01537,3,190747840,5.058e-01,0.296
fk01538,3,190833591,8.934e-01,0.049
fk01539,3,190995705,3.132e-01,0.504
fk01540,3,191841520,2.369e-01,0.625
fk01541,3,192104043,5.016e-01,0.300
fk01542,3,192288257,9.442e-02,1.025
fk01543,3,192393577,3.716e-01,0.430
fk01544,3,192612126,9.259e-01,0.033
fk01545,3,192763365,3.202e-02,1.495
fk01546,3,193024049,8.014e-01,0.096
fk01547,3,193833093,5.202e-01,0.284
fk01548,3,193878522,4.511e-01,0.346
fk01549,3,194628819,6.101e-01,0.215
fk01550,3,195858419,3.831e-01,0.417
fk01551,3,196760383,3.291e-01,0.483
fk01552,3,197717761,7.427e-01,0.129
fk01553,4,2224168,9.285e-01,0.032
fk01554,4,3129782,7.746e-01,0.111
fk01555,4,3381080,2.075e-01,0.683
fk01556,4,3824754,1.121e-01,0.950
fk01557,4,4272324,7.753e-01,0.111
fk01558,4,4460730,8.391e-01,0.076
fk01559,4,5249287,3.473e-01,0.459
fk01560,4,5267901,3.849e-01,0.415
fk01561,4,5313756,3.416e-01,0.466
fk01562,4,5821757,5.330e-01,0.273
fk01563,4,7540968,1.174e-01,0.930
fk01564,4,7617514,5.802e-01,0.236
fk01565,4,7690232,8.942e-01,0.049
fk01566,4,7793218,2.323e-01,0.634
fk01567,4,8419224,9.835e-01,0.007
fk01568,4,8682214,7.629e-01,0.118
fk01569,4,9409552,8.145e-01,0.089
fk01570,4,9843784,1.950e-01,0.710
fk01571,4,9883388,7.802e-01,0.108
fk01572,4,10680497,6.721e-01,0.173
fk01573,4,10855073,4.003e-01,0.398
fk01574,4,11098494,4.837e-02,1.315
fk01575,4,12223611,4.569e-01,0.340
fk01576,4,13103227,9.953e-02,1.002
fk01577,4,13415581,3.904e-01,0.408
fk01578,4,15636441,3.488e-01,0.457
fk01579,4,15988950,5.328e-01,0.273
fk01580,4,16067246,9.063e-01,0.043
fk01581,4,16318140,4.571e-01,0.340
fk01582,4,16536353,5.962e-01,0.225
fk01583,4,16546958,9.764e-02,1.010
fk01584,4,16623878,1.090e-01,0.963
fk01585,4,16792513,2.613e-01,0.583
fk01586,4,17232464,1.231e-01,0.910
fk01587,4,17821534,7.461e-01,0.127
fk01588,4,17979760,5.173e-01,0.286
fk01589,4,18240536,3.195e-01,0.496
fk01590,4,19180801,4.956e-01,0.305
fk01591,4,19270577,9.365e-01,0.028
fk01592,4,19488923,1.029e-01,0.988
fk01593,4,20038630,7.946e-01,0.100
fk01594,4,20325508,5.657e-01,0.247
fk01595,4,20980825,9.964e-01,0.002
fk01596,4,21321063,5.575e-01,0.254
fk01597,4,22107536,2.135e-01,0.671
fk01598,4,22801180,5.811e-01,0.236
fk01599,4,22829639,4.262e-01,0.370
fk01600,4,23928331,2.437e-02,1.613
fk01601,4,24317459,4.152e-01,0.382
fk01602,4,24506520,4.459e-01,0.351
fk01603,4,24703927,5.040e-01,0.298
fk01604,4,25003811,8.560e-01,0.068
fk01605,4,25963164,1.944e-01,0.711
fk01606,4,26510248,5.500e-01,0.260
fk01607,4,27103695,5.365e-01,0.270
fk01608,4,27214577,2.838e-01,0.547
fk01609,4,28333218,7.780e-01,0.109
fk01610,4,28399369,5.531e-01,0.257
fk01611,4,29667491,5.967e-01,0.224
fk01612,4,30262336,2.158e-01,0.666
fk01613,4,30593702,8.359e-02,1.078
fk01614,4,30888019,3.660e-01,0.437
fk01615,4,31451666,9.575e-01,0.019
fk01616,4,31794175,2.690e-01,0.570
fk01617,4,32441291,1.681e-01,0.774
fk01618,4,32451008,2.953e-01,0.530
fk01619,4,32588095,8.092e-01,0.092
fk01620,4,33926543,9.416e-01,0.026
fk01621,4,34265319,5.523e-01,0.258
fk01622,4,34437888,5.511e-01,0.259
fk01623,4,35560903,6.307e-01,0.200
fk01624,4,35895680,1.420e-01,0.848
fk01625,4,36084002,8.224e-01,0.085
fk01626,4,36162333,6.164e-01,0.210
fk01627,4,36372256,1.447e-01,0.840
fk01628,4,36504017,8.979e-01,0.047
fk01629,4,37951990,1.364e-01,0.865
fk01630,4,37996613,5.187e-01,0.285
fk01631,4,38367740,7.706e-01,0.113
fk01632,4,38678455,3.675e-01,0.435
fk01633,4,39072998,6.907e-01,0.161
fk01634,4,40058434,1.329e-01,0.876
fk01635,4,40853993,4.994e-01,0.302
fk01636,4,41187697,2.274e-01,0.643
fk01637,4,41253600,7.704e-01,0.113
fk01638,4,41320128,4.258e-01,0.371
fk01639,4,42419070,7.871e-01,0.104
fk01640,4,42581608,4.370e-01,0.360
fk01641,4,42769094,4.343e-01,0.362
fk01642,4,43455680,6.524e-01,0.185
fk01643,4,43823536,3.945e-01,0.404
fk01644,4,43865562,1.213e-01,0.916
fk01645,4,44445459,6.593e-01,0.181
fk01646,4,44830496,2.294e-01,0.639
fk01647,4,44838918,8.301e-01,0.081
fk01648,4,44926191,4.031e-01,0.395
fk01649,4,46183707,8.753e-01,0.058
fk01650,4,46424786,5.960e-01,0.225
fk01651,4,46580663,3.709e-01,0.431
fk01652,4,48046701,4.887e-01,0.311
fk01653,4,48285668,1.563e-01,0.806
fk01654,4,48673201,1.847e-01,0.734
fk01655,4,49408899,5.087e-01,0.294
fk01656,4,49897491,6.926e-01,0.160
fk01657,4,49933498,2.087e-01,0.680
fk01658,4,50080610,4.180e-01,0.379
fk01659,4,50488529,5.749e-01,0.240
fk01660,4,50676583,4.736e-01,0.325
fk01661,4,51468957,9.589e-01,0.018
fk01662,4,51558812,7.434e-01,0.129
fk01663,4,51753646,2.999e-01,0.523
fk01664,4,52685977,1.325e-01,0.878
fk01665,4,53338454,6.501e-01,0.187
fk01666,4,53693665,5.879e-02,1.231
fk01667,4,53725774,7.414e-01,0.130
fk01668,4,53778109,3.464e-01,0.460
fk01669,4,54487342,9.687e-01,0.014
fk01670,4,54853941,5.801e-01,0.236
fk01671,4,55176328,7.493e-01,0.125
fk01672,4,55262016,5.934e-01,0.227
fk01673,4,55454530,3.927e-01,0.406
fk01674,4,56001848,9.977e-01,0.001
fk01675,4,56531399,4.914e-01,0.309
fk01676,4,57486180,1.932e-01,0.714
fk01677,4,57753306,3.550e-01,0.450
fk01678,4,57766449,3.814e-01,0.419
fk01679,4,57781165,9.713e-01,0.013
fk01680,4,57882477,7.646e-01,0.117
fk01681,4,58478766,5.424e-01,0.266
fk01682,4,58675306,7.021e-02,1.154
fk01683,4,58964861,8.722e-01,0.059
fk01684,4,59156647,4.926e-01,0.308
fk01685,4,59287802,2.136e-01,0.670
fk01686,4,60700017,9.360e-01,0.029
fk01687,4,61243399,9.700e-01,0.013
fk01688,4,61569009,6.313e-01,0.200
fk01689,4,63374680,8.626e-01,0.064
fk01690,4,63441312,5.286e-01,0.277
fk01691,4,63681640,6.358e-01,0.197
fk01692,4,64044609,3.891e-01,0.410
fk01693,4,64648002,5.410e-01,0.267
fk01694,4,64768055,4.201e-01,0.377
fk01695,4,65186869,5.115e-01,0.291
fk01696,4,65646928,3.162e-01,0.500
fk01697,4,67052025,9.579e-01,0.019
fk01698,4,67126482,9.386e-01,0.028
fk01699,4,67488363,6.231e-01,0.205
fk01700,4,67636622,1.853e-01,0.732
fk01701,4,68382922,4.514e-01,0.345
fk01702,4,68790981,7.122e-01,0.147
fk01703,4,69113532,1.160e-01,0.936
fk01704,4,71027992,1.762e-02,1.754
fk01705,4,72005009,2.106e-01,0.677
fk01706,4,72189281,9.885e-01,0.005
fk01707,4,72216284,7.353e-01,0.134
fk01708,4,73066336,7.580e-01,0.120
fk01709,4,73901718,1.427e-01,0.846
fk01710,4,74177125,7.462e-01,0.127
fk01711,4,74920881,4.293e-01,0.367
fk01712,4,75382373,1.903e-01,0.721
fk01713,4,75484012,8.060e-01,0.094
fk01714,4,75692182,3.518e-01,0.454
fk01715,4,76069411,9.457e-01,0.024
fk01716,4,76276440,4.801e-01,0.319
fk01717,4,76745872,1.535e-01,0.814
fk01718,4,77073010,6.857e-01,0.164
fk01719,4,79365319,1.742e-01,0.759
fk01720,4,79468558,5.387e-01,0.269
fk01721,4,80254347,5.995e-01,0.222
fk01722,4,80483236,2.265e-01,0.645
fk01723,4,81045490,4.341e-01,0.362
fk01724,4,82302889,5.605e-01,0.251
fk01725,4,82431679,8.009e-01,0.096
fk01726,4,82527284,3.700e-01,0.432
fk01727,4,83085884,2.946e-01,0.531
fk01728,4,83343455,2.359e-01,0.627
fk01729,4,84869979,2.155e-02,1.667
fk01730,4,85704947,1.354e-01,0.868
fk01731,4,86005540,7.461e-02,1.127
fk01732,4,86786039,8.993e-01,0.046
fk01733,4,86848866,2.219e-01,0.654
fk01734,4,87004168,1.334e-01,0.875
fk01735,4,87791806,7.079e-01,0.150
fk01736,4,87906184,1.448e-01,0.839
fk01737,4,87996467,4.975e-01,0.303
fk01738,4,88151050,3.774e-01,0.423
fk01739,4,89685634,3.591e-01,0.445
fk01740,4,90523124,2.326e-01,0.633
fk01741,4,90545751,5.148e-01,0.288
fk01742,4,90748945,6.126e-01,0.213
fk01743,4,92673823,3.446e-01,0.463
fk01744,4,93008613,8.624e-01,0.064
fk01745,4,93033263,8.432e-01,0.074
fk01746,4,93088769,2.255e-01,0.647
fk01747,4,93344943,1.566e-01,0.805
fk01748,4,93414375,2.919e-01,0.535
fk01749,4,94205865,8.862e-01,0.052
fk01750,4,94439753,2.075e-01,0.683
fk01751,4,94712074,2.161e-01,0.665
fk01752,4,95261381,6.015e-01,0.221
fk01753,4,95317882,2.336e-01,0.632
fk01754,4,95390297,2.218e-01,0.654
fk01755,4,95759094,7.462e-02,1.127
fk01756,4,95987006,8.985e-01,0.046
fk01757,4,96076526,2.294e-01,0.639
fk01758,4,97111099,8.717e-01,0.060
fk01759,4,97448802,7.101e-01,0.149
fk01760,4,98075123,3.613e-01,0.442
fk01761,4,98159230,9.644e-02,1.016
fk01762,4,98312487,3.565e-01,0.448
fk01763,4,98447178,2.611e-02,1.583
fk01764,4,100297170,1.395e-01,0.855
fk01765,4,100397560,2.970e-01,0.527
fk01766,4,100456072,1.155e-02,1.937
fk01767,4,101223544,5.923e-01,0.227
fk01768,4,101259602,9.022e-01,0.045
fk01769,4,101450570,6.725e-01,0.172
fk01770,4,101475726,5.899e-01,0.229
fk01771,4,101992642,2.371e-01,0.625
fk01772,4,103004295,5.381e-01,0.269
fk01773,4,104055506,6.385e-02,1.195
fk01774,4,104113732,5.408e-01,0.267
fk01775,4,104255722,6.478e-01,0.189
fk01776,4,104323201,8.184e-01,0.087
fk01777,4,104518677,3.772e-01,0.423
fk01778,4,104670518,9.922e-01,0.003
fk01779,4,104670525,9.646e-02,1.016
fk01780,4,104695221,1.630e-01,0.788
fk01781,4,104899296,7.380e-01,0.132
fk01782,4,106001622,6.942e-01,0.159
fk01783,4,106059327,3.785e-01,0.422
fk01784,4,106524389,2.759e-01,0.559
fk01785,4,106979671,2.843e-01,0.546
fk01786,4,107146776,7.604e-01,0.119
fk01787,4,107611309,3.167e-02,1.499
fk01788,4,107835644,7.466e-01,0.127
fk01789,4,107986095,2.763e-01,0.559
fk01790,4,108574427,1.597e-01,0.797
fk01791,4,109035873,9.420e-02,1.026
fk01792,4,110439047,1.403e-02,1.853
fk01793,4,110997647,4.240e-01,0.373
fk01794,4,112080445,2.639e-01,0.579
fk01795,4,112453284,2.649e-01,0.577
fk01796,4,113084142,2.480e-01,0.606
fk01797,4,113140630,5.074e-01,0.295
fk01798,4,113184101,1.207e-01,0.918
fk01799,4,113537517,4.682e-01,0.330
fk01800,4,114315150,4.959e-01,0.305
fk01801,4,114841530,9.728e-01,0.012
fk01802,4,115354133,3.110e-02,1.507
fk01803,4,115498793,9.608e-02,1.017
fk01804,4,115975508,2.234e-01,0.651
fk01805,4,116105198,1.308e-01,0.883
fk01806,4,116581368,4.110e-01,0.386
fk01807,4,116728546,9.508e-01,0.022
fk01808,4,116868613,2.938e-01,0.532
fk01809,4,117159741,1.779e-01,0.750
fk01810,4,117314792,8.127e-01,0.090
fk01811,4,118376206,7.168e-01,0.145
fk01812,4,118478762,6.131e-01,0.212
fk01813,4,118975566,5.705e-01,0.244
fk01814,4,119142788,3.892e-01,0.410
fk01815,4,119586757,5.332e-01,0.273
fk01816,4,120501603,5.337e-01,0.273
fk01817,4,121179563,4.737e-01,0.324
fk01818,4,121217034,1.740e-01,0.759
fk01819,4,121528657,5.609e-01,0.251
fk01820,4,121578633,2.587e-01,0.587
fk01821,4,122092580,3.526e-01,0.453
fk01822,4,122532422,1.212e-01,0.916
fk01823,4,122630529,2.779e-01,0.556
fk01824,4,122892229,7.547e-01,0.122
fk01825,4,123709856,3.964e-01,0.402
fk01826,4,123724172,7.928e-01,0.101
fk01827,4,123957881,2.719e-02,1.566
fk01828,4,124139082,7.145e-01,0.146
fk01829,4,124171299,7.319e-01,0.136
fk01830,4,125655056,1.137e-01,0.944
fk01831,4,127290556,3.910e-01,0.408
fk01832,4,127528581,7.790e-01,0.108
fk01833,4,127725650,9.036e-01,0.044
fk01834,4,127732373,3.737e-01,0.427
fk01835,4,128112798,4.202e-01,0.377
fk01836,4,128515175,6.640e-02,1.178
fk01837,4,129091868,4.265e-01,0.370
fk01838,4,130004954,1.974e-01,0.705
fk01839,4,130173425,9.431e-01,0.025
fk01840,4,130715469,3.817e-02,1.418
fk01841,4,130890333,3.793e-01,0.421
fk01842,4,130937568,9.843e-01,0.007
fk01843,4,131319623,2.274e-01,0.643
fk01844,4,132421322,5.740e-01,0.241
fk01845,4,132515406,5.870e-01,0.231
fk01846,4,132559293,3.724e-01,0.429
fk01847,4,132942131,2.400e-01,0.620
fk01848,4,133324441,4.058e-01,0.392
fk01849,4,133712505,9.586e-01,0.018
fk01850,4,134370092,5.808e-01,0.236
fk01851,4,134532902,6.861e-01,0.164
fk01852,4,134619016,5.903e-01,0.229
fk01853,4,135477628,7.502e-01,0.125
fk01854,4,135507848,5.210e-01,0.283
fk01855,4,136398621,7.590e-01,0.120
fk01856,4,137695557,7.282e-01,0.138
fk01857,4,137778038,3.699e-01,0.432
fk01858,4,138114185,6.374e-02,1.196
fk01859,4,140736519,3.653e-02,1.437
fk01860,4,141714534,4.859e-01,0.313
fk01861,4,142704053,8.860e-01,0.053
fk01862,4,143123345,8.231e-01,0.085
fk01863,4,143350657,6.153e-01,0.211
fk01864,4,143455884,1.120e-01,0.951
fk01865,4,143479137,7.240e-02,1.140
fk01866,4,144005493,7.855e-01,0.105
fk01867,4,144024081,5.214e-01,0.283
fk01868,4,144199644,6.721e-01,0.173
fk01869,4,144931204,7.156e-01,0.145
fk01870,4,144976968,4.590e-01,0.338
fk01871,4,145429922,2.685e-01,0.571
fk01872,4,145939138,3.109e-01,0.507
fk01873,4,146187043,2.785e-02,1.555
fk01874,4,146792689,4.253e-01,0.371
fk01875,4,147459457,6.148e-01,0.211
fk01876,4,147720393,6.696e-01,0.174
fk01877,4,148250947,6.412e-01,0.193
fk01878,4,148479171,1.912e-02,1.719
fk01879,4,149325909,7.234e-01,0.141
fk01880,4,149574332,1.310e-02,1.883
fk01881,4,149599619,4.109e-01,0.386
fk01882,4,149882585,8.539e-01,0.069
fk01883,4,151473536,3.491e-01,0.457
fk01884,4,151500884,8.462e-01,0.073
fk01885,4,151593768,5.180e-01,0.286
fk01886,4,151706265,5.573e-01,0.254
fk01887,4,151796502,9.216e-01,0.035
fk01888,4,152174588,3.233e-01,0.490
fk01889,4,152478266,4.417e-01,0.355
fk01890,4,152989217,9.159e-01,0.038
fk01891,4,153029826,4.499e-01,0.347
fk01892,4,153848162,7.157e-01,0.145
fk01893,4,154147478,3.537e-01,0.451
fk01894,4,154471233,7.738e-01,0.111
fk01895,4,155230704,6.774e-01,0.169
fk01896,4,156144545,9.665e-01,0.015
fk01897,4,156354129,5.625e-01,0.250
fk01898,4,156562499,1.495e-01,0.825
fk01899,4,156630743,5.172e-01,0.286
fk01900,4,156810926,7.527e-01,0.123
fk01901,4,157220037,9.667e-01,0.015
fk01902,4,157571073,9.171e-01,0.038
fk01903,4,157689407,3.322e-01,0.479
fk01904,4,157751439,7.790e-01,0.108
fk01905,4,157785981,5.474e-01,0.262
fk01906,4,158036527,1.600e-01,0.796
fk01907,4,158109962,2.045e-01,0.689
fk01908,4,158577780,8.059e-01,0.094
fk01909,4,159067881,6.593e-01,0.181
fk01910,4,159601979,1.959e-01,0.708
fk01911,4,159727909,5.179e-01,0.286
fk01912,4,159906177,8.901e-01,0.051
fk01913,4,160493317,4.414e-01,0.355
fk01914,4,160923321,9.860e-01,0.006
fk01915,4,160959762,5.649e-01,0.248
fk01916,4,161081014,3.085e-01,0.511
fk01917,4,161255315,9.384e-01,0.028
fk01918,4,161520444,7.661e-01,0.116
fk01919,4,162028449,3.257e-01,0.487
fk01920,4,162749586,9.496e-01,0.022
fk01921,4,163231704,5.408e-01,0.267
fk01922,4,163567090,6.951e-01,0.158
fk01923,4,164971716,5.673e-01,0.246
fk01924,4,165806071,1.972e-02,1.705
fk01925,4,165863793,7.955e-01,0.099
fk01926,4,166710134,1.485e-01,0.828
fk01927,4,167143426,2.963e-01,0.528
fk01928,4,167402932,4.605e-01,0.337
fk01929,4,167985802,8.098e-01,0.092
fk01930,4,168214890,3.110e-01,0.507
fk01931,4,169044534,4.786e-01,0.320
fk01932,4,169960146,3.612e-01,0.442
fk01933,4,170274842,8.476e-01,0.072
fk01934,4,170397377,9.677e-01,0.014
fk01935,4,171888868,3.784e-01,0.422
fk01936,4,172661048,8.233e-01,0.084
fk01937,4,172895959,4.213e-01,0.375
fk01938,4,173237784,7.759e-01,0.110
fk01939,4,173646439,3.325e-02,1.478
fk01940,4,173896930,4.603e-01,0.337
fk01941,4,174755295,4.819e-01,0.317
fk01942,4,175173891,7.760e-01,0.110
fk01943,4,175190098,6.268e-01,0.203
fk01944,4,175245952,5.046e-01,0.297
fk01945,4,176327767,1.612e-01,0.793
fk01946,4,176408999,1.989e-01,0.701
fk01947,4,176634995,8.519e-01,0.070
fk01948,4,177739208,4.699e-02,1.328
fk01949,4,178236510,8.674e-01,0.062
fk01950,4,178397383,2.251e-01,0.648
fk01951,4,178791238,2.528e-01,0.597
fk01952,4,178996359,9.161e-01,0.038
fk01953,4,179216122,6.323e-01,0.199
fk01954,4,180689248,6.673e-01,0.176
fk01955,4,181480681,9.593e-01,0.018
fk01956,4,181632298,4.548e-01,0.342
fk01957,4,182899807,1.255e-01,0.901
fk01958,4,183299404,4.629e-01,0.335
fk01959,4,183901439,7.065e-01,0.151
fk01960,4,184169100,3.054e-01,0.515
fk01961,4,185352454,6.964e-01,0.157
fk01962,4,186410259,9.248e-01,0.034
fk01963,4,186949974,8.823e-01,0.054
fk01964,4,187476746,6.780e-02,1.169
fk01965,4,187629627,1.815e-01,0.741
fk01966,4,188362510,1.586e-01,0.800
fk01967,4,188466453,6.145e-01,0.211
fk01968,4,188538806,1.300e-01,0.886
fk01969,4,188694371,3.769e-02,1.424
fk01970,4,189204552,8.240e-01,0.084
fk01971,5,494707,3.110e-01,0.507
fk01972,5,596867,6.345e-01,0.198
fk01973,5,960452,7.857e-01,0.105
fk01974,5,1100864,3.577e-01,0.446
fk01975,5,1344074,8.743e-01,0.058
fk01976,5,2239433,4.363e-01,0.360
fk01977,5,2847106,5.550e-01,0.256
fk01978,5,4068188,9.054e-01,0.043
fk01979,5,4110582,8.836e-01,0.054
fk01980,5,4198964,7.300e-01,0.137
fk01981,5,4417505,2.269e-02,1.644
fk01982,5,4654581,7.769e-01,0.110
fk01983,5,5048007,7.828e-01,0.106
fk01984,5,5165976,3.178e-01,0.498
fk01985,5,5720895,9.041e-01,0.044
fk01986,5,5991219,9.086e-01,0.042
fk01987,5,6393728,2.900e-01,0.538
fk01988,5,6433965,7.839e-01,0.106
fk01989,5,6449749,6.892e-01,0.162
fk01990,5,6659550,3.235e-01,0.490
fk01991,5,6787016,3.915e-01,0.407
fk01992,5,7146008,4.352e-01,0.361
fk01993,5,7770016,2.848e-01,0.545
fk01994,5,7836856,4.737e-01,0.324
fk01995,5,8398443,1.024e-01,0.990
fk01996,5,8444843,5.923e-01,0.227
fk01997,5,8769266,1.575e-01,0.803
fk01998,5,9034446,5.371e-01,0.270
fk01999,5,9515334,8.654e-01,0.063
fk02000,5,9547294,9.479e-01,0.023
fk02001,5,9577791,5.564e-01,0.255
fk02002,5,9782320,5.436e-01,0.265
fk02003,5,10789672,5.387e-02,1.269
fk02004,5,10861429,6.880e-01,0.162
fk02005,5,10933093,3.033e-01,0.518
fk02006,5,10966724,6.363e-01,0.196
fk02007,5,11252754,9.046e-01,0.044
fk02008,5,12192884,6.842e-01,0.165
fk02009,5,12368712,4.866e-01,0.313
fk02010,5,12400127,1.084e-01,0.965
fk02011,5,12617220,4.264e-01,0.370
fk02012,5,12704718,1.783e-01,0.749
fk02013,5,13171393,1.853e-01,0.732
fk02014,5,13745996,1.871e-02,1.728
fk02015,5,14178885,6.878e-01,0.163
fk02016,5,14926337,1.127e-01,0.948
fk02017,5,14974427,7.030e-01,0.153
fk02018,5,15630276,1.824e-01,0.739
fk02019,5,16259590,7.233e-01,0.141
fk02020,5,16427679,9.850e-01,0.007
fk02021,5,17783153,2.723e-01,0.565
fk02022,5,17833737,9.724e-01,0.012
fk02023,5,17905275,5.918e-02,1.228
fk02024,5,18242307,9.476e-01,0.023
fk02025,5,18453609,7.391e-01,0.131
fk02026,5,18531195,3.732e-01,0.428
fk02027,5,20030224,2.873e-01,0.542
fk02028,5,20651984,2.653e-01,0.576
fk02029,5,20852883,3.821e-01,0.418
fk02030,5,21589578,2.387e-01,0.622
fk02031,5,22127041,3.157e-01,0.501
fk02032,5,23074025,7.674e-01,0.115
fk02033,5,23885173,6.030e-01,0.220
fk02034,5,24500389,7.797e-01,0.108
fk02035,5,25375496,7.035e-01,0.153
fk02036,5,25448925,9.956e-01,0.002
fk02037,5,26008295,3.441e-01,0.463
fk02038,5,26838688,3.418e-01,0.466
fk02039,5,26889921,1.371e-01,0.863
fk02040,5,27110555,2.473e-01,0.607
fk02041,5,27117129,1.681e-01,0.774
fk02042,5,27252457,3.729e-01,0.428
fk02043,5,27327746,3.551e-01,0.450
fk02044,5,27919879,7.854e-01,0.105
fk02045,5,28331189,9.531e-01,0.021
fk02046,5,28491442,9.634e-01,0.016
fk02047,5,29856159,6.816e-01,0.166
fk02048,5,30011075,4.247e-01,0.372
fk02049,5,30225912,5.393e-01,0.268
fk02050,5,30754074,3.417e-01,0.466
fk02051,5,31064812,2.865e-01,0.543
fk02052,5,31518263,1.901e-02,1.721
fk02053,5,31532602,8.049e-01,0.094
fk02054,5,31846099,9.113e-01,0.040
fk02055,5,32506256,7.871e-01,0.104
fk02056,5,33666146,6.894e-01,0.162
fk02057,5,34392676,6.514e-02,1.186
fk02058,5,35086323,7.811e-01,0.107
fk02059,5,35942380,4.309e-01,0.366
fk02060,5,37824286,4.362e-01,0.360
fk02061,5,38259555,1.320e-01,0.879
fk02062,5,38956182,9.573e-01,0.019
fk02063,5,39856906,7.512e-01,0.124
fk02064,5,40252787,8.929e-02,1.049
fk02065,5,40941743,8.913e-01,0.050
fk02066,5,41002422,8.634e-01,0.064
fk02067,5,41154284,9.800e-01,0.009
fk02068,5,41340128,4.537e-01,0.343
fk02069,5,43247466,9.833e-01,0.007
fk02070,5,43928557,3.961e-02,1.402
fk02071,5,44009338,1.630e-01,0.788
fk02072,5,44089058,7.903e-01,0.102
fk02073,5,44126297,5.124e-03,2.290
fk02074,5,44158136,3.091e-01,0.510
fk02075,5,44824934,8.395e-01,0.076
fk02076,5,45722105,3.995e-01,0.398
fk02077,5,46226129,7.654e-01,0.116
fk02078,5,47466434,4.673e-01,0.330
fk02079,5,47742522,1.440e-01,0.842
fk02080,5,47827578,1.271e-02,1.896
fk02081,5,49779679,8.185e-01,0.087
fk02082,5,50721771,8.713e-01,0.060
fk02083,5,52051630,9.788e-01,0.009
fk02084,5,52807924,3.643e-01,0.439
fk02085,5,53042396,8.904e-01,0.050
fk02086,5,53108478,9.033e-01,0.044
fk02087,5,54636664,9.214e-01,0.036
fk02088,5,54645071,3.715e-01,0.430
fk02089,5,54648044,1.906e-01,0.720
fk02090,5,54686026,8.967e-01,0.047
fk02091,5,54765457,7.357e-01,0.133
fk02092,5,55705857,1.071e-01,0.970
fk02093,5,56240080,4.500e-01,0.347
fk02094,5,56788535,6.600e-01,0.180
fk02095,5,56937211,7.364e-01,0.133
fk02096,5,56979809,6.436e-02,1.191
fk02097,5,57035973,8.679e-02,1.062
fk02098,5,57067485,9.131e-01,0.039
fk02099,5,57781649,1.377e-01,0.861
fk02100,5,57892669,8.560e-01,0.068
fk02101,5,57983308,7.999e-01,0.097
fk02102,5,59677249,9.783e-01,0.010
fk02103,5,60641976,3.279e-01,0.484
fk02104,5,60692305,2.039e-01,0.691
fk02105,5,60910601,7.511e-01,0.124
fk02106,5,61539457,3.128e-02,1.505
fk02107,5,61863452,2.749e-01,0.561
fk02108,5,61908846,1.456e-01,0.837
fk02109,5,62424513,5.771e-01,0.239
fk02110,5,63639942,9.473e-02,1.024
fk02111,5,63666797,7.231e-01,0.141
fk02112,5,64186006,3.145e-01,0.502
fk02113,5,64201780,4.928e-02,1.307
fk02114,5,64725799,4.567e-01,0.340
fk02115,5,64765972,1.683e-01,0.774
fk02116,5,64985485,1.721e-01,0.764
fk02117,5,65215502,7.697e-01,0.114
fk02118,5,65550084,7.953e-01,0.099
fk02119,5,65552947,6.286e-01,0.202
fk02120,5,65907363,2.834e-01,0.548
fk02121,5,66335540,7.386e-01,0.132
fk02122,5,67633617,4.713e-01,0.327
fk02123,5,68146912,8.109e-01,0.091
fk02124,5,69636386,1.882e-01,0.725
fk02125,5,70037908,6.340e-01,0.198
fk02126,5,71165698,1.796e-01,0.746
fk02127,5,71712525,1.855e-01,0.732
fk02128,5,71728874,5.727e-01,0.242
fk02129,5,72032247,7.331e-02,1.135
fk02130,5,72349950,5.295e-01,0.276
fk02131,5,73388577,7.110e-01,0.148
fk02132,5,73875677,2.735e-01,0.563
fk02133,5,75416751,6.515e-01,0.186
fk02134,5,75792421,9.669e-01,0.015
fk02135,5,76028175,9.553e-01,0.020
fk02136,5,76039319,3.058e-02,1.515
fk02137,5,76481339,9.581e-01,0.019
fk02138,5,76504616,1.832e-01,0.737
fk02139,5,77216678,9.458e-01,0.024
fk02140,5,77912324,1.772e-01,0.752
fk02141,5,77946974,9.817e-02,1.008
fk02142,5,78401320,8.052e-01,0.094
fk02143,5,79044731,8.493e-01,0.071
fk02144,5,79076180,5.698e-02,1.244
fk02145,5,79205562,9.685e-01,0.014
fk02146,5,79299471,8.638e-01,0.064
fk02147,5,79361594,2.931e-01,0.533
fk02148,5,79749207,7.574e-01,0.121
fk02149,5,79795687,4.678e-01,0.330
fk02150,5,80605278,9.649e-01,0.016
fk02151,5,82316318,6.722e-01,0.173
fk02152,5,82458256,1.079e-01,0.967
fk02153,5,82879233,1.382e-02,1.859
fk02154,5,83169150,1.317e-01,0.880
fk02155,5,84603387,3.156e-01,0.501
fk02156,5,84978383,2.499e-01,0.602
fk02157,5,85537719,3.128e-01,0.505
fk02158,5,85934967,3.610e-01,0.442
fk02159,5,86441526,5.679e-01,0.246
fk02160,5,86442348,6.393e-01,0.194
fk02161,5,86520506,3.079e-02,1.512
fk02162,5,86953972,7.355e-01,0.133
fk02163,5,87571538,9.693e-01,0.014
fk02164,5,88256387,1.700e-01,0.770
fk02165,5,88432916,9.596e-01,0.018
fk02166,5,88819878,9.943e-02,1.002
fk02167,5,89950635,8.397e-02,1.076
fk02168,5,90058083,1.657e-01,0.781
fk02169,5,90430627,2.143e-02,1.669
fk02170,5,90626139,4.353e-01,0.361
fk02171,5,91194278,9.189e-01,0.037
fk02172,5,91621695,7.070e-02,1.151
fk02173,5,92795281,9.934e-01,0.003
fk02174,5,92953494,7.495e-01,0.125
fk02175,5,93435663,4.782e-01,0.320
fk02176,5,93447404,7.927e-01,0.101
fk02177,5,93599278,9.168e-01,0.038
fk02178,5,94522886,2.467e-02,1.608
fk02179,5,95995838,1.496e-01,0.825
fk02180,5,96030241,9.479e-01,0.023
fk02181,5,96207250,4.965e-01,0.304
fk02182,5,97014983,8.976e-01,0.047
fk02183,5,97178834,9.141e-02,1.039
fk02184,5,97367115,5.520e-01,0.258
fk02185,5,98564783,3.850e-01,0.415
fk02186,5,101266347,8.476e-01,0.072
fk02187,5,101327283,3.071e-01,0.513
fk02188,5,101668785,6.555e-02,1.183
fk02189,5,102239974,2.588e-01,0.587
fk02190,5,102350731,4.927e-01,0.307
fk02191,5,103069049,8.702e-01,0.060
fk02192,5,104709351,9.664e-01,0.015
fk02193,5,104844571,2.451e-01,0.611
fk02194,5,105173623,4.385e-01,0.358
fk02195,5,105403736,6.146e-01,0.211
fk02196,5,106539106,9.691e-01,0.014
fk02197,5,107469893,6.962e-01,0.157
fk02198,5,107544029,8.316e-01,0.080
fk02199,5,108022313,2.687e-01,0.571
fk02200,5,108266312,1.986e-01,0.702
fk02201,5,108781229,7.336e-01,0.135
fk02202,5,108917031,9.242e-01,0.034
fk02203,5,109112905,3.760e-01,0.425
fk02204,5,109555765,5.447e-01,0.264
fk02205,5,109836389,8.456e-01,0.073
fk02206,5,110027087,3.606e-01,0.443
fk02207,5,110116661,2.218e-01,0.654
fk02208,5,110164503,7.103e-01,0.149
fk02209,5,110969578,6.074e-01,0.217
fk02210,5,111115607,5.645e-01,0.248
fk02211,5,111284348,8.050e-01,0.094
fk02212,5,111286249,4.321e-01,0.364
fk02213,5,111581837,5.793e-01,0.237
fk02214,5,111820971,8.827e-01,0.054
fk02215,5,112595171,7.208e-02,1.142
fk02216,5,112662902,6.257e-01,0.204
fk02217,5,112822875,8.015e-01,0.096
fk02218,5,113684936,4.715e-01,0.327
fk02219,5,114370696,7.110e-01,0.148
fk02220,5,114496104,3.875e-01,0.412
fk02221,5,114697322,6.879e-01,0.162
fk02222,5,114839317,7.506e-01,0.125
fk02223,5,114883338,6.573e-01,0.182
fk02224,5,115078288,8.346e-01,0.079
fk02225,5,115382061,3.329e-02,1.478
fk02226,5,115537135,8.910e-02,1.050
fk02227,5,115560073,2.179e-01,0.662
fk02228,5,115731812,2.366e-01,0.626
fk02229,5,116265045,1.240e-01,0.907
fk02230,5,117326662,8.374e-01,0.077
fk02231,5,117499802,3.802e-01,0.420
fk02232,5,117735282,5.054e-01,0.296
fk02233,5,118825836,8.217e-01,0.085
fk02234,5,119774104,5.916e-01,0.228
fk02235,5,120032695,4.599e-01,0.337
fk02236,5,120101129,5.125e-01,0.290
fk02237,5,120194469,2.382e-01,0.623
fk02238,5,120581491,6.280e-02,1.202
fk02239,5,121315966,1.850e-01,0.733
fk02240,5,121471448,2.030e-01,0.693
fk02241,5,121627770,3.897e-01,0.409
fk02242,5,122939274,5.410e-01,0.267
fk02243,5,123010998,3.226e-01,0.491
fk02244,5,123494285,7.770e-01,0.110
fk02245,5,123721961,7.012e-01,0.154
fk02246,5,125720707,2.635e-01,0.579
fk02247,5,126108492,5.248e-01,0.280
fk02248,5,126336174,7.259e-01,0.139
fk02249,5,129782880,9.712e-01,0.013
fk02250,5,130034661,6.059e-02,1.218
fk02251,5,130608021,2.200e-01,0.658
fk02252,5,130637147,7.771e-01,0.110
fk02253,5,131507562,2.645e-01,0.578
fk02254,5,131541587,6.175e-01,0.209
fk02255,5,131821274,7.632e-02,1.117
fk02256,5,132015047,6.725e-01,0.172
fk02257,5,132124279,7.524e-01,0.124
fk02258,5,132171658,9.659e-01,0.015
fk02259,5,132268761,1.698e-01,0.770
fk02260,5,132861167,2.531e-01,0.597
fk02261,5,133537521,3.253e-01,0.488
fk02262,5,133810445,7.319e-01,0.136
fk02263,5,133895241,8.023e-01,0.096
fk02264,5,134247750,8.607e-01,0.065
fk02265,5,135390743,9.187e-01,0.037
fk02266,5,135922378,1.427e-01,0.846
fk02267,5,136352427,6.780e-01,0.169
fk02268,5,136526549,3.863e-01,0.413
fk02269,5,137066106,8.483e-01,0.071
fk02270,5,137430543,5.779e-01,0.238
fk02271,5,137958956,5.743e-01,0.241
fk02272,5,138393480,4.064e-01,0.391
fk02273,5,139385688,2.486e-01,0.604
fk02274,5,139599795,6.891e-01,0.162
fk02275,5,139779231,7.736e-01,0.111
fk02276,5,139909653,1.277e-01,0.894
fk02277,5,140034868,7.622e-01,0.118
fk02278,5,140272800,7.825e-01,0.107
fk02279,5,142114959,2.676e-01,0.573
fk02280,5,142183356,2.178e-02,1.662
fk02281,5,142343391,2.392e-01,0.621
fk02282,5,143605472,4.050e-01,0.393
fk02283,5,144425433,6.767e-02,1.170
fk02284,5,144521506,1.038e-01,0.984
fk02285,5,144900034,9.619e-01,0.017
fk02286,5,145063762,4.617e-01,0.336
fk02287,5,145212545,7.879e-01,0.104
fk02288,5,145289330,8.905e-01,0.050
fk02289,5,146185725,8.590e-01,0.066
fk02290,5,146380481,5.050e-01,0.297
fk02291,5,146384669,7.320e-01,0.135
fk02292,5,147001831,1.747e-01,0.758
fk02293,5,147506892,9.022e-01,0.045
fk02294,5,148391876,9.643e-01,0.016
fk02295,5,148584676,7.467e-01,0.127
fk02296,5,148787520,9.844e-01,0.007
fk02297,5,148828197,7.640e-01,0.117
fk02298,5,148837868,8.262e-01,0.083
fk02299,5,149287284,4.351e-01,0.361
fk02300,5,149518651,1.984e-01,0.702
fk02301,5,149975463,8.509e-01,0.070
fk02302,5,150535763,6.034e-01,0.219
fk02303,5,151052605,8.029e-01,0.095
fk02304,5,151449136,9.744e-01,0.011
fk02305,5,151509552,7.737e-01,0.111
fk02306,5,151903949,1.817e-01,0.741
fk02307,5,153950630,8.182e-01,0.087
fk02308,5,154077687,6.472e-01,0.189
fk02309,5,155203918,1.173e-01,0.931
fk02310,5,155227180,6.099e-01,0.215
fk02311,5,156121629,6.412e-01,0.193
fk02312,5,156673252,9.829e-01,0.007
fk02313,5,157282827,5.733e-01,0.242
fk02314,5,157721397,2.487e-02,1.604
fk02315,5,158031903,3.082e-01,0.511
fk02316,5,158170817,8.356e-01,0.078
fk02317,5,158244810,9.144e-01,0.039
fk02318,5,158557380,4.859e-01,0.313
fk02319,5,158635635,9.313e-01,0.031
fk02320,5,158700051,3.891e-01,0.410
fk02321,5,158973668,1.907e-01,0.720
fk02322,5,159547897,4.481e-02,1.349
fk02323,5,159632788,7.858e-01,0.105
fk02324,5,159662889,7.467e-01,0.127
fk02325,5,161160456,3.258e-01,0.487
fk02326,5,161345321,8.096e-01,0.092
fk02327,5,161939654,1.160e-01,0.936
fk02328,5,162469001,8.714e-01,0.060
fk02329,5,162918451,1.495e-01,0.825
fk02330,5,163067287,8.386e-01,0.076
fk02331,5,163089397,2.247e-01,0.648
fk02332,5,163149664,5.892e-01,0.230
fk02333,5,163569808,1.624e-01,0.789
fk02334,5,163939586,2.170e-01,0.664
fk02335,5,164028507,9.941e-01,0.003
fk02336,5,164299787,5.775e-01,0.238
fk02337,5,164799684,7.017e-01,0.154
fk02338,5,164978927,3.239e-01,0.490
fk02339,5,165334983,6.596e-01,0.181
fk02340,5,167429222,1.924e-01,0.716
fk02341,5,167451420,6.337e-02,1.198
fk02342,5,167463814,2.154e-01,0.667
fk02343,5,168183219,6.496e-01,0.187
fk02344,5,168296811,5.264e-01,0.279
fk02345,5,168901399,6.852e-02,1.164
fk02346,5,168903743,5.739e-01,0.241
fk02347,5,169318996,8.684e-01,0.061
fk02348,5,169803449,6.874e-01,0.163
fk02349,5,170833463,2.912e-01,0.536
fk02350,5,171022318,8.892e-01,0.051
fk02351,5,171270773,9.194e-01,0.036
fk02352,5,172470125,9.236e-01,0.035
fk02353,5,173085672,7.940e-01,0.100
fk02354,5,173196125,7.757e-01,0.110
fk02355,5,174369646,3.228e-01,0.491
fk02356,5,174426998,9.831e-01,0.007
fk02357,5,174944293,3.089e-01,0.510
fk02358,5,175642035,3.887e-02,1.410
fk02359,5,175989416,4.739e-03,2.324
fk02360,5,176003587,9.321e-01,0.031
fk02361,5,176375729,1.893e-01,0.723
fk02362,5,177192805,3.599e-01,0.444
fk02363,5,177256953,1.678e-01,0.775
fk02364,5,177528870,8.299e-02,1.081
fk02365,5,178563014,5.737e-01,0.241
fk02366,5,178667603,5.465e-01,0.262
fk02367,5,179037918,8.348e-02,1.078
fk02368,5,179374828,7.014e-01,0.154
fk02369,6,256821,3.364e-01,0.473
fk02370,6,459787,7.641e-01,0.117
fk02371,6,847488,7.554e-01,0.122
fk02372,6,1118030,8.524e-01,0.069
fk02373,6,1694775,8.411e-01,0.075
fk02374,6,1746525,7.194e-01,0.143
fk02375,6,2231585,2.692e-01,0.570
fk02376,6,3216928,8.935e-01,0.049
fk02377,6,3342901,9.989e-01,0.000
fk02378,6,3914233,5.199e-01,0.284
fk02379,6,4106752,8.358e-01,0.078
fk02380,6,4283518,7.612e-01,0.119
fk02381,6,4312160,7.664e-01,0.116
fk02382,6,4312970,8.491e-01,0.071
fk02383,6,4466035,2.751e-01,0.561
fk02384,6,5835914,5.313e-01,0.275
fk02385,6,5862340,3.668e-01,0.436
fk02386,6,6345534,7.904e-01,0.102
fk02387,6,6905181,9.015e-01,0.045
fk02388,6,7607533,8.751e-01,0.058
fk02389,6,9043769,5.864e-01,0.232
fk02390,6,9169746,7.492e-01,0.125
fk02391,6,10205688,6.895e-01,0.161
fk02392,6,11591008,3.641e-01,0.439
fk02393,6,12564594,8.575e-01,0.067
fk02394,6,13340769,6.140e-01,0.212
fk02395,6,14236401,7.352e-01,0.134
fk02396,6,14378676,7.329e-01,0.135
fk02397,6,14660968,5.943e-01,0.226
fk02398,6,14735790,7.662e-01,0.116
fk02399,6,15301572,9.862e-01,0.006
fk02400,6,15781941,5.604e-01,0.252
fk02401,6,17181530,1.280e-01,0.893
fk02402,6,17285584,9.763e-01,0.010
fk02403,6,17513680,9.897e-01,0.004
fk02404,6,17963157,8.066e-01,0.093
fk02405,6,17984056,6.730e-01,0.172
fk02406,6,18219389,8.413e-01,0.075
fk02407,6,21547836,1.345e-01,0.871
fk02408,6,22166957,7.988e-01,0.098
fk02409,6,22183431,6.028e-01,0.220
fk02410,6,22378323,5.122e-01,0.291
fk02411,6,22581523,6.772e-01,0.169
fk02412,6,24058296,7.546e-01,0.122
fk02413,6,24099591,6.976e-01,0.156
fk02414,6,24119574,4.285e-02,1.368
fk02415,6,24404165,9.178e-01,0.037
fk02416,6,25362622,2.690e-01,0.570
fk02417,6,25832454,7.136e-01,0.147
fk02418,6,26485494,9.745e-01,0.011
fk02419,6,26702540,9.484e-01,0.023
fk02420,6,27719296,5.312e-01,0.275
fk02421,6,28494866,8.397e-01,0.076
fk02422,6,28846307,3.241e-01,0.489
fk02423,6,28944192,9.728e-01,0.012
fk02424,6,29006037,2.197e-01,0.658
fk02425,6,29039249,3.833e-01,0.416
fk02426,6,29170062,1.911e-01,0.719
fk02427,6,29429358,7.047e-01,0.152
fk02428,6,29612363,9.470e-01,0.024
fk02429,6,29747413,5.490e-01,0.260
fk02430,6,30069226,2.792e-01,0.554
fk02431,6,30368164,6.598e-01,0.181
fk02432,6,32292457,4.818e-01,0.317
fk02433,6,32332198,4.792e-01,0.319
fk02434,6,32380784,5.957e-01,0.225
fk02435,6,33628632,8.444e-01,0.073
fk02436,6,33656370,1.557e-01,0.808
fk02437,6,33777027,6.256e-01,0.204
fk02438,6,34468844,4.363e-01,0.360
fk02439,6,35081326,5.308e-02,1.275
fk02440,6,35348008,3.309e-01,0.480
fk02441,6,35355120,2.208e-01,0.656
fk02442,6,35658179,4.784e-01,0.320
fk02443,6,35852286,2.256e-02,1.647
fk02444,6,36670416,2.174e-01,0.663
fk02445,6,37093731,7.481e-01,0.126
fk02446,6,37364096,1.191e-02,1.924
fk02447,6,37648348,1.758e-01,0.755
fk02448,6,38191769,9.305e-01,0.031
fk02449,6,38725278,7.338e-01,0.134
fk02450,6,39371412,9.835e-01,0.007
fk02451,6,40757289,9.945e-01,0.002
fk02452,6,40888603,4.946e-02,1.306
fk02453,6,41406673,6.302e-01,0.201
fk02454,6,41601882,8.088e-01,0.092
fk02455,6,43789216,3.197e-01,0.495
fk02456,6,44153504,7.808e-01,0.107
fk02457,6,44280208,2.778e-01,0.556
fk02458,6,44691460,6.787e-01,0.168
fk02459,6,45947088,9.668e-01,0.015
fk02460,6,46001158,2.740e-01,0.562
fk02461,6,46024057,1.984e-01,0.702
fk02462,6,47849546,8.602e-01,0.065
fk02463,6,47944323,1.357e-01,0.867
fk02464,6,48437843,7.009e-01,0.154
fk02465,6,48467232,8.801e-01,0.055
fk02466,6,48522745,4.577e-01,0.339
fk02467,6,49223728,3.836e-01,0.416
fk02468,6,49367390,8.974e-01,0.047
fk02469,6,50221745,3.344e-01,0.476
fk02470,6,50819988,3.853e-01,0.414
fk02471,6,51305734,6.583e-01,0.182
fk02472,6,52775097,6.234e-01,0.205
fk02473,6,53916223,9.348e-01,0.029
fk02474,6,54618504,8.716e-04,3.060
fk02475,6,55534076,7.608e-01,0.119
fk02476,6,55712810,8.869e-01,0.052
fk02477,6,55882979,9.440e-01,0.025
fk02478,6,55912545,9.004e-01,0.046
fk02479,6,56045029,6.180e-01,0.209
fk02480,6,56061557,7.003e-02,1.155
fk02481,6,56098176,3.938e-01,0.405
fk02482,6,56361416,2.606e-01,0.584
fk02483,6,57372366,1.387e-01,0.858
fk02484,6,57584293,8.641e-01,0.063
fk02485,6,57828503,4.115e-01,0.386
fk02486,6,58598033,2.549e-01,0.594
fk02487,6,58874457,5.465e-01,0.262
fk02488,6,58994885,4.902e-01,0.310
fk02489,6,59569420,4.860e-01,0.313
fk02490,6,59648394,3.101e-01,0.508
fk02491,6,60148358,5.367e-02,1.270
fk02492,6,61529814,9.671e-01,0.015
fk02493,6,61908443,2.678e-01,0.572
fk02494,6,62125583,1.831e-02,1.737
fk02495,6,62151435,3.700e-01,0.432
fk02496,6,62207897,8.741e-02,1.058
fk02497,6,62949370,6.481e-01,0.188
fk02498,6,64713491,5.408e-01,0.267
fk02499,6,66198669,5.914e-03,2.228
fk02500,6,66321918,4.499e-01,0.347
fk02501,6,66405173,8.631e-01,0.064
fk02502,6,67344958,1.386e-01,0.858
fk02503,6,67376480,8.175e-01,0.088
fk02504,6,67489551,4.491e-01,0.348
fk02505,6,67794791,6.220e-02,1.206
fk02506,6,67946233,2.642e-01,0.578
fk02507,6,67978026,3.359e-01,0.474
fk02508,6,68263992,2.626e-01,0.581
fk02509,6,68371689,9.804e-01,0.009
fk02510,6,69882620,3.154e-01,0.501
fk02511,6,71562738,6.699e-01,0.174
fk02512,6,72164799,2.752e-01,0.560
fk02513,6,72285157,4.673e-01,0.330
fk02514,6,72395467,5.398e-01,0.268
fk02515,6,72627545,9.883e-01,0.005
fk02516,6,72788401,9.407e-01,0.027
fk02517,6,73631844,7.219e-01,0.142
fk02518,6,74883669,5.919e-01,0.228
fk02519,6,75619753,8.984e-01,0.047
fk02520,6,75930513,6.371e-02,1.196
fk02521,6,76017929,8.342e-01,0.079
fk02522,6,76371065,9.886e-01,0.005
fk02523,6,76424105,3.524e-01,0.453
fk02524,6,76443531,6.885e-01,0.162
fk02525,6,76710168,3.496e-01,0.456
fk02526,6,77140710,7.299e-01,0.137
fk02527,6,78141635,5.966e-01,0.224
fk02528,6,78472975,9.823e-01,0.008
fk02529,6,78784027,9.251e-01,0.034
fk02530,6,78994109,9.808e-01,0.008
fk02531,6,79205039,8.881e-01,0.052
fk02532,6,79278876,7.330e-01,0.135
fk02533,6,80594408,4.609e-01,0.336
fk02534,6,80799501,1.547e-01,0.811
fk02535,6,81663494,1.984e-01,0.702
fk02536,6,82334395,1.288e-01,0.890
fk02537,6,82770386,3.577e-01,0.446
fk02538,6,83492927,7.188e-01,0.143
fk02539,6,83525521,5.224e-01,0.282
fk02540,6,84223456,9.084e-02,1.042
fk02541,6,84600830,2.102e-01,0.677
fk02542,6,84678703,7.648e-01,0.116
fk02543,6,84748675,7.851e-01,0.105
fk02544,6,85526848,9.034e-01,0.044
fk02545,6,86097075,9.217e-01,0.035
fk02546,6,86384578,9.115e-01,0.040
fk02547,6,87726958,1.335e-01,0.875
fk02548,6,88675104,2.587e-01,0.587
fk02549,6,88954390,3.867e-01,0.413
fk02550,6,89290370,6.697e-01,0.174
fk02551,6,90668261,3.554e-01,0.449
fk02552,6,90977222,3.634e-01,0.440
fk02553,6,91210868,6.531e-01,0.185
fk02554,6,91562459,1.363e-01,0.866
fk02555,6,92204053,9.822e-01,0.008
fk02556,6,92506145,4.823e-01,0.317
fk02557,6,92733882,3.547e-01,0.450
fk02558,6,93135868,8.628e-01,0.064
fk02559,6,93203955,7.014e-01,0.154
fk02560,6,93240169,7.758e-01,0.110
fk02561,6,93633206,9.830e-01,0.007
fk02562,6,93676114,3.093e-01,0.510
fk02563,6,94198541,6.528e-01,0.185
fk02564,6,94239034,2.303e-01,0.638
fk02565,6,94275360,4.122e-01,0.385
fk02566,6,94602812,7.472e-02,1.127
fk02567,6,95590607,3.145e-01,0.502
fk02568,6,95691796,7.301e-01,0.137
fk02569,6,96085413,2.252e-02,1.647
fk02570,6,97059375,7.347e-01,0.134
fk02571,6,97438602,9.234e-01,0.035
fk02572,6,97785466,1.075e-01,0.969
fk02573,6,98992163,9.227e-01,0.035
fk02574,6,99850205,5.036e-01,0.298
fk02575,6,100285700,3.793e-01,0.421
fk02576,6,101500772,3.295e-01,0.482
fk02577,6,101680397,7.313e-01,0.136
fk02578,6,101755179,4.586e-01,0.339
fk02579,6,102438888,7.110e-01,0.148
fk02580,6,102517415,8.254e-01,0.083
fk02581,6,103136085,1.444e-01,0.840
fk02582,6,103429268,3.889e-01,0.410
fk02583,6,103735753,6.894e-01,0.162
fk02584,6,104434513,1.879e-01,0.726
fk02585,6,104611106,1.667e-02,1.778
fk02586,6,105013655,6.191e-01,0.208
fk02587,6,105210890,8.656e-01,0.063
fk02588,6,105424611,9.574e-02,1.019
fk02589,6,105529762,4.598e-01,0.337
fk02590,6,105717816,6.099e-01,0.215
fk02591,6,105960820,2.464e-01,0.608
fk02592,6,106343908,5.749e-01,0.240
fk02593,6,106566218,9.919e-01,0.004
fk02594,6,107177939,7.899e-01,0.102
fk02595,6,107248625,6.025e-01,0.220
fk02596,6,107358721,4.100e-01,0.387
fk02597,6,107408038,6.071e-01,0.217
fk02598,6,107555406,7.991e-01,0.097
fk02599,6,107611953,7.467e-01,0.127
fk02600,6,107837107,8.538e-01,0.069
fk02601,6,108001149,1.424e-01,0.846
fk02602,6,108008171,2.973e-01,0.527
fk02603,6,108346614,1.299e-01,0.886
fk02604,6,109832542,5.267e-01,0.278
fk02605,6,110156284,3.806e-01,0.420
fk02606,6,111238564,6.121e-01,0.213
fk02607,6,111302330,6.083e-01,0.216
fk02608,6,112180492,7.097e-01,0.149
fk02609,6,112998356,8.903e-01,0.050
fk02610,6,113541350,3.958e-01,0.403
fk02611,6,113561932,1.132e-02,1.946
fk02612,6,113813392,9.133e-01,0.039
fk02613,6,114003795,1.327e-01,0.877
fk02614,6,114010618,4.594e-01,0.338
fk02615,6,114078766,2.919e-01,0.535
fk02616,6,114484027,4.617e-01,0.336
fk02617,6,114876299,2.039e-01,0.691
fk02618,6,115207409,6.884e-01,0.162
fk02619,6,116628650,4.606e-01,0.337
fk02620,6,117639741,4.598e-01,0.337
fk02621,6,118506456,1.224e-01,0.912
fk02622,6,118837800,5.072e-01,0.295
fk02623,6,119210915,5.750e-01,0.240
fk02624,6,119675398,4.135e-01,0.384
fk02625,6,119985122,5.418e-01,0.266
fk02626,6,120153687,3.684e-01,0.434
fk02627,6,120156187,5.950e-01,0.225
fk02628,6,120159715,6.925e-02,1.160
fk02629,6,120195251,7.624e-01,0.118
fk02630,6,121204190,7.283e-02,1.138
fk02631,6,121537315,4.731e-01,0.325
fk02632,6,121582031,8.537e-01,0.069
fk02633,6,121904726,7.642e-01,0.117
fk02634,6,121965671,8.831e-01,0.054
fk02635,6,122120778,9.475e-01,0.023
fk02636,6,122453453,6.726e-01,0.172
fk02637,6,122718031,4.539e-01,0.343
fk02638,6,124383019,4.770e-01,0.321
fk02639,6,125064207,2.848e-01,0.545
fk02640,6,125364024,5.559e-02,1.255
fk02641,6,125553483,6.532e-02,1.185
fk02642,6,125600287,6.429e-01,0.192
fk02643,6,127197861,1.667e-01,0.778
fk02644,6,127630407,4.461e-02,1.351
fk02645,6,127722060,8.125e-01,0.090
fk02646,6,128147079,8.056e-01,0.094
fk02647,6,128610750,7.286e-01,0.138
fk02648,6,129091032,6.773e-01,0.169
fk02649,6,129170521,5.672e-01,0.246
fk02650,6,129500394,9.600e-01,0.018
fk02651,6,129511796,2.753e-01,0.560
fk02652,6,129932628,4.333e-01,0.363
fk02653,6,130133963,4.414e-01,0.355
fk02654,6,130225745,3.006e-01,0.522
fk02655,6,131240272,2.192e-02,1.659
fk02656,6,131607913,8.692e-01,0.061
fk02657,6,131706391,1.675e-01,0.776
fk02658,6,132454253,5.636e-01,0.249
fk02659,6,132635081,8.408e-01,0.075
fk02660,6,132833275,5.924e-01,0.227
fk02661,6,133476432,4.289e-01,0.368
fk02662,6,134306325,6.022e-01,0.220
fk02663,6,134545968,5.069e-01,0.295
fk02664,6,135971527,7.770e-01,0.110
fk02665,6,136542370,3.569e-01,0.447
fk02666,6,136644546,5.081e-01,0.294
fk02667,6,136844467,1.315e-01,0.881
fk02668,6,136871076,4.813e-01,0.318
fk02669,6,137022862,3.400e-01,0.469
fk02670,6,137143190,3.608e-01,0.443
fk02671,6,137561923,7.052e-01,0.152
fk02672,6,137619166,9.996e-01,0.000
fk02673,6,138294448,7.795e-01,0.108
fk02674,6,138555521,7.522e-01,0.124
fk02675,6,139984375,8.977e-01,0.047
fk02676,6,140841693,8.483e-01,0.071
fk02677,6,140935468,2.594e-01,0.586
fk02678,6,141697500,2.893e-01,0.539
fk02679,6,141717647,4.160e-01,0.381
fk02680,6,142130141,8.802e-02,1.055
fk02681,6,142315733,3.973e-01,0.401
fk02682,6,144703691,6.323e-01,0.199
fk02683,6,145253486,2.703e-01,0.568
fk02684,6,145310140,1.551e-01,0.809
fk02685,6,145334533,6.334e-01,0.198
fk02686,6,145449538,1.293e-01,0.888
fk02687,6,145839116,6.260e-01,0.203
fk02688,6,145875627,9.497e-01,0.022
fk02689,6,146062829,4.277e-01,0.369
fk02690,6,146108227,6.678e-01,0.175
fk02691,6,148319571,3.641e-01,0.439
fk02692,6,148374692,2.078e-01,0.682
fk02693,6,149097020,7.902e-01,0.102
fk02694,6,150279567,5.822e-01,0.235
fk02695,6,150535659,1.408e-01,0.851
fk02696,6,150800075,7.588e-01,0.120
fk02697,6,151348706,6.552e-01,0.184
fk02698,6,151376722,2.153e-01,0.667
fk02699,6,151453887,2.478e-01,0.606
fk02700,6,151717613,2.908e-01,0.536
fk02701,6,152229036,8.244e-01,0.084
fk02702,6,152506800,2.644e-01,0.578
fk02703,6,152611735,5.180e-01,0.286
fk02704,6,153921373,8.612e-02,1.065
fk02705,6,154159122,2.724e-01,0.565
fk02706,6,154201356,9.575e-01,0.019
fk02707,6,154482667,7.906e-01,0.102
fk02708,6,155112405,8.285e-01,0.082
fk02709,6,155615361,7.013e-01,0.154
fk02710,6,156053267,1.930e-01,0.714
fk02711,6,156225639,1.201e-01,0.920
fk02712,6,156301523,2.494e-01,0.603
fk02713,6,157296438,4.809e-01,0.318
fk02714,6,157665401,1.801e-01,0.744
fk02715,6,158560236,4.436e-01,0.353
fk02716,6,159191327,7.603e-01,0.119
fk02717,6,159989175,8.665e-01,0.062
fk02718,6,160068551,7.770e-01,0.110
fk02719,6,160906494,3.489e-01,0.457
fk02720,6,160910093,2.396e-01,0.621
fk02721,6,161073551,3.005e-01,0.522
fk02722,6,161196337,9.957e-02,1.002
fk02723,6,161348756,1.572e-02,1.804
fk02724,6,161831150,6.533e-01,0.185
fk02725,6,162434083,2.457e-01,0.610
fk02726,6,162505247,2.779e-03,2.556
fk02727,6,163722405,2.336e-01,0.632
fk02728,6,163799900,5.997e-02,1.222
fk02729,6,164196527,6.253e-01,0.204
fk02730,6,164408145,2.151e-01,0.667
fk02731,6,165399392,5.436e-01,0.265
fk02732,6,165706471,9.553e-01,0.020
fk02733,6,165925665,2.622e-01,0.581
fk02734,6,166033268,2.319e-01,0.635
fk02735,6,166305220,7.825e-01,0.107
fk02736,6,166497117,1.010e-01,0.996
fk02737,6,166850612,2.818e-01,0.550
fk02738,6,167942148,3.525e-01,0.453
fk02739,6,169241164,3.536e-01,0.451
fk02740,6,169595206,7.254e-01,0.139
fk02741,6,169824137,5.652e-01,0.248
fk02742,6,170441840,4.249e-02,1.372
fk02743,6,170513490,4.430e-01,0.354
fk02744,6,170577373,1.032e-01,0.986
fk02745,7,185169,3.891e-01,0.410
fk02746,7,396261,7.667e-01,0.115
fk02747,7,597136,7.863e-01,0.104
fk02748,7,869644,9.060e-01,0.043
fk02749,7,1942755,7.669e-01,0.115
fk02750,7,2274074,4.909e-01,0.309
fk02751,7,2401699,1.634e-01,0.787
fk02752,7,2790264,3.283e-01,0.484
fk02753,7,4411601,8.968e-01,0.047
fk02754,7,4996731,3.257e-02,1.487
fk02755,7,5286124,9.792e-01,0.009
fk02756,7,6250403,3.104e-02,1.508
fk02757,7,6408750,7.695e-01,0.114
fk02758,7,6713275,1.771e-01,0.752
fk02759,7,6951168,9.593e-01,0.018
fk02760,7,7976762,5.670e-01,0.246
fk02761,7,7984986,7.733e-02,1.112
fk02762,7,8564749,7.288e-01,0.137
fk02763,7,9575822,5.425e-02,1.266
fk02764,7,9707945,3.383e-01,0.471
fk02765,7,9918125,9.570e-01,0.019
fk02766,7,10198098,3.314e-01,0.480
fk02767,7,10590914,4.306e-01,0.366
fk02768,7,11406456,4.669e-01,0.331
fk02769,7,11440067,4.649e-01,0.333
fk02770,7,11513648,6.680e-01,0.175
fk02771,7,11561275,3.400e-02,1.469
fk02772,7,12451033,9.004e-01,0.046
fk02773,7,12575739,2.395e-01,0.621
fk02774,7,12800603,7.959e-01,0.099
fk02775,7,13194325,1.440e-01,0.842
fk02776,7,13417184,1.792e-01,0.747
fk02777,7,13569040,7.751e-01,0.111
fk02778,7,13597663,2.365e-01,0.626
fk02779,7,13983457,3.784e-01,0.422
fk02780,7,14202594,5.273e-01,0.278
fk02781,7,14919215,1.601e-01,0.796
fk02782,7,15381997,8.763e-01,0.057
fk02783,7,15722244,2.107e-01,0.676
fk02784,7,15794829,4.925e-01,0.308
fk02785,7,16164495,2.015e-01,0.696
fk02786,7,16590847,4.885e-01,0.311
fk02787,7,17492239,6.094e-01,0.215
fk02788,7,17843804,4.263e-01,0.370
fk02789,7,18315787,5.033e-01,0.298
fk02790,7,19554949,3.487e-01,0.458
fk02791,7,19750426,7.119e-01,0.148
fk02792,7,20053505,3.852e-01,0.414
fk02793,7,20246108,9.809e-01,0.008
fk02794,7,20320102,1.835e-01,0.736
fk02795,7,21201445,7.385e-01,0.132
fk02796,7,21834728,7.910e-01,0.102
fk02797,7,22204223,5.645e-01,0.248
fk02798,7,22876701,8.878e-01,0.052
fk02799,7,22915056,6.454e-01,0.190
fk02800,7,22948328,9.267e-01,0.033
fk02801,7,23417730,7.520e-01,0.124
fk02802,7,23571755,6.726e-01,0.172
fk02803,7,23710474,7.041e-01,0.152
fk02804,7,23819215,1.653e-02,1.782
fk02805,7,24151828,3.991e-01,0.399
fk02806,7,25521015,7.065e-01,0.151
fk02807,7,27336089,5.311e-01,0.275
fk02808,7,27722504,8.121e-01,0.090
fk02809,7,28696190,8.871e-01,0.052
fk02810,7,29351502,4.309e-01,0.366
fk02811,7,29597489,7.396e-01,0.131
fk02812,7,29863327,1.235e-01,0.908
fk02813,7,30189011,2.318e-01,0.635
fk02814,7,30191084,8.588e-01,0.066
fk02815,7,30243179,3.390e-01,0.470
fk02816,7,30455823,7.975e-01,0.098
fk02817,7,30799660,8.250e-01,0.084
fk02818,7,30831348,8.706e-01,0.060
fk02819,7,31046430,6.359e-01,0.197
fk02820,7,31453798,4.004e-01,0.398
fk02821,7,32265239,4.489e-01,0.348
fk02822,7,32397327,4.394e-01,0.357
fk02823,7,33673664,2.504e-01,0.601
fk02824,7,33818304,4.974e-01,0.303
fk02825,7,34246284,3.812e-01,0.419
fk02826,7,34921173,2.087e-01,0.680
fk02827,7,35216005,5.571e-01,0.254
fk02828,7,36235285,6.580e-01,0.182
fk02829,7,36624031,3.869e-01,0.412
fk02830,7,36772772,3.177e-01,0.498
fk02831,7,36787949,8.703e-01,0.060
fk02832,7,38465922,5.019e-01,0.299
fk02833,7,38819348,1.023e-03,2.990
fk02834,7,39305382,6.598e-01,0.181
fk02835,7,39481642,1.763e-01,0.754
fk02836,7,39528516,3.780e-01,0.423
fk02837,7,40597817,2.858e-01,0.544
fk02838,7,40761713,2.436e-01,0.613
fk02839,7,41131457,2.036e-01,0.691
fk02840,7,41228162,6.772e-01,0.169
fk02841,7,41409738,5.977e-01,0.224
fk02842,7,41606986,7.644e-01,0.117
fk02843,7,41858636,3.710e-02,1.431
fk02844,7,42534226,6.696e-01,0.174
fk02845,7,42718637,9.745e-01,0.011
fk02846,7,43289134,5.157e-01,0.288
fk02847,7,43644092,8.883e-01,0.051
fk02848,7,44166041,7.703e-01,0.113
fk02849,7,44189552,3.239e-01,0.490
fk02850,7,44365347,2.853e-01,0.545
fk02851,7,44373644,4.429e-02,1.354
fk02852,7,46477982,5.683e-01,0.245
fk02853,7,46608794,5.237e-01,0.281
fk02854,7,46657934,4.784e-02,1.320
fk02855,7,46730090,8.499e-01,0.071
fk02856,7,46832888,9.812e-01,0.008
fk02857,7,46859722,6.355e-01,0.197
fk02858,7,47016017,4.976e-01,0.303
fk02859,7,47110736,2.958e-01,0.529
fk02860,7,47792628,1.902e-01,0.721
fk02861,7,48155812,4.557e-01,0.341
fk02862,7,48724961,9.050e-01,0.043
fk02863,7,48752508,1.368e-01,0.864
fk02864,7,48891889,5.088e-01,0.293
fk02865,7,48915091,8.930e-01,0.049
fk02866,7,49568048,9.442e-01,0.025
fk02867,7,50003468,7.993e-01,0.097
fk02868,7,50091707,4.439e-01,0.353
fk02869,7,50261077,2.960e-02,1.529
fk02870,7,50283508,6.421e-01,0.192
fk02871,7,50929861,6.238e-01,0.205
fk02872,7,50991893,6.654e-01,0.177
fk02873,7,51388730,1.779e-01,0.750
fk02874,7,51718319,5.256e-01,0.279
fk02875,7,51956516,8.060e-01,0.094
fk02876,7,52141049,9.472e-02,1.024
fk02877,7,52976438,6.551e-01,0.184
fk02878,7,53202079,8.920e-01,0.050
fk02879,7,54288048,9.851e-01,0.007
fk02880,7,54831997,8.977e-01,0.047
fk02881,7,55305556,9.941e-01,0.003
fk02882,7,55418363,7.661e-01,0.116
fk02883,7,55750490,3.380e-01,0.471
fk02884,7,57263261,8.050e-01,0.094
fk02885,7,57487420,7.605e-01,0.119
fk02886,7,58166808,1.907e-01,0.720
fk02887,7,58460222,9.518e-01,0.021
fk02888,7,58956166,5.665e-01,0.247
fk02889,7,59063931,2.396e-01,0.621
fk02890,7,59422162,9.976e-01,0.001
fk02891,7,59987719,3.754e-01,0.426
fk02892,7,60852474,5.205e-01,0.284
fk02893,7,61238154,2.809e-02,1.551
fk02894,7,61734696,6.762e-01,0.170
fk02895,7,61767985,1.905e-01,0.720
fk02896,7,62011534,9.165e-02,1.038
fk02897,7,62097371,8.564e-01,0.067
fk02898,7,62239329,8.130e-01,0.090
fk02899,7,63778020,4.130e-01,0.384
fk02900,7,63906061,7.521e-03,2.124
fk02901,7,64299885,7.533e-01,0.123
fk02902,7,64752948,3.995e-01,0.398
fk02903,7,65423424,2.437e-01,0.613
fk02904,7,65431011,7.037e-01,0.153
fk02905,7,66002146,7.155e-02,1.145
fk02906,7,66837816,2.462e-01,0.609
fk02907,7,66977062,7.761e-02,1.110
fk02908,7,67437194,5.006e-01,0.301
fk02909,7,67547268,4.394e-01,0.357
fk02910,7,67885904,1.092e-01,0.962
fk02911,7,68212189,3.565e-01,0.448
fk02912,7,68347913,1.802e-02,1.744
fk02913,7,68393566,6.976e-01,0.156
fk02914,7,69095221,4.934e-01,0.307
fk02915,7,69589838,1.371e-01,0.863
fk02916,7,70004665,2.311e-01,0.636
fk02917,7,70451847,8.534e-01,0.069
fk02918,7,70465692,3.302e-02,1.481
fk02919,7,70620040,4.085e-02,1.389
fk02920,7,71515823,6.346e-02,1.197
fk02921,7,72022691,7.943e-01,0.100
fk02922,7,72238223,4.754e-01,0.323
fk02923,7,72398801,7.863e-01,0.104
fk02924,7,73060717,9.408e-01,0.027
fk02925,7,74018150,7.812e-01,0.107
fk02926,7,74715540,2.313e-01,0.636
fk02927,7,74911167,4.384e-01,0.358
fk02928,7,74949944,8.768e-01,0.057
fk02929,7,75442405,3.094e-01,0.509
fk02930,7,75689996,3.295e-01,0.482
fk02931,7,75881218,8.452e-01,0.073
fk02932,7,76450550,6.854e-01,0.164
fk02933,7,76550113,6.302e-01,0.201
fk02934,7,76628898,6.482e-01,0.188
fk02935,7,77282988,5.853e-01,0.233
fk02936,7,77743616,5.444e-01,0.264
fk02937,7,78132533,2.563e-01,0.591
fk02938,7,79536913,6.634e-01,0.178
fk02939,7,80067645,3.275e-01,0.485
fk02940,7,80285774,6.436e-01,0.191
fk02941,7,81016157,1.252e-01,0.902
fk02942,7,81402925,9.777e-01,0.010
fk02943,7,82086764,9.409e-01,0.026
fk02944,7,82416376,8.440e-01,0.074
fk02945,7,83806219,3.222e-01,0.492
fk02946,7,84073491,8.417e-01,0.075
fk02947,7,84102619,2.003e-01,0.698
fk02948,7,84566762,2.943e-02,1.531
fk02949,7,84894602,2.890e-01,0.539
fk02950,7,84912612,6.035e-01,0.219
fk02951,7,85183593,7.729e-01,0.112
fk02952,7,85438594,3.279e-01,0.484
fk02953,7,86166332,7.419e-01,0.130
fk02954,7,86174389,5.282e-01,0.277
fk02955,7,86490896,1.445e-01,0.840
fk02956,7,87355939,9.595e-01,0.018
fk02957,7,87582104,4.186e-01,0.378
fk02958,7,88135342,2.041e-01,0.690
fk02959,7,88182876,5.721e-01,0.243
fk02960,7,88721475,6.326e-01,0.199
fk02961,7,89142456,8.028e-01,0.095
fk02962,7,89610066,9.237e-01,0.034
fk02963,7,89646426,7.382e-01,0.132
fk02964,7,90178610,9.430e-01,0.025
fk02965,7,90877461,8.822e-01,0.054
fk02966,7,91273589,5.368e-01,0.270
fk02967,7,92118899,1.156e-01,0.937
fk02968,7,93071815,4.077e-01,0.390
fk02969,7,93446828,6.679e-01,0.175
fk02970,7,93773682,4.951e-01,0.305
fk02971,7,93974611,3.394e-02,1.469
fk02972,7,95381287,2.606e-01,0.584
fk02973,7,96362103,8.963e-01,0.048
fk02974,7,96508946,4.585e-01,0.339
fk02975,7,97345706,6.134e-01,0.212
fk02976,7,97685424,5.397e-01,0.268
fk02977,7,98208271,4.545e-01,0.342
fk02978,7,98397647,7.312e-01,0.136
fk02979,7,99448798,2.221e-01,0.653
fk02980,7,99859675,3.706e-01,0.431
fk02981,7,100078586,6.315e-01,0.200
fk02982,7,100138951,5.181e-01,0.286
fk02983,7,101155704,4.236e-01,0.373
fk02984,7,101349678,3.745e-01,0.427
fk02985,7,101760631,7.233e-01,0.141
fk02986,7,103015664,8.545e-01,0.068
fk02987,7,103612547,2.125e-01,0.673
fk02988,7,104079381,5.473e-01,0.262
fk02989,7,104559033,5.716e-02,1.243
fk02990,7,105185467,2.666e-01,0.574
fk02991,7,105185659,7.881e-01,0.103
fk02992,7,105548538,6.593e-01,0.181
fk02993,7,106955008,6.520e-01,0.186
fk02994,7,107150134,2.091e-01,0.680
fk02995,7,107582514,2.976e-01,0.526
fk02996,7,108142796,7.685e-01,0.114
fk02997,7,108283073,8.356e-02,1.078
fk02998,7,109507252,9.845e-01,0.007
fk02999,7,109676230,6.141e-01,0.212
fk03000,7,110300137,3.428e-01,0.465
fk03001,7,110795171,5.612e-01,0.251
fk03002,7,110917536,8.939e-02,1.049
fk03003,7,112188560,8.356e-01,0.078
fk03004,7,112265915,2.779e-01,0.556
fk03005,7,113061757,4.238e-01,0.373
fk03006,7,113496349,5.451e-01,0.264
fk03007,7,113545358,7.318e-01,0.136
fk03008,7,113592951,9.172e-01,0.038
fk03009,7,113719953,8.647e-01,0.063
fk03010,7,113796126,7.939e-01,0.100
fk03011,7,116392176,1.961e-01,0.708
fk03012,7,116420297,4.872e-01,0.312
fk03013,7,116472050,6.540e-02,1.184
fk03014,7,116706565,2.782e-01,0.556
fk03015,7,117232360,2.163e-02,1.665
fk03016,7,117774202,2.136e-01,0.670
fk03017,7,118156404,6.364e-01,0.196
fk03018,7,118705362,4.046e-01,0.393
fk03019,7,118759302,1.602e-01,0.795
fk03020,7,118981358,9.355e-01,0.029
fk03021,7,120172377,6.743e-01,0.171
fk03022,7,120377670,3.711e-01,0.431
fk03023,7,122051743,1.431e-02,1.844
fk03024,7,122207898,7.063e-01,0.151
fk03025,7,122607620,7.628e-01,0.118
fk03026,7,123273802,4.013e-01,0.397
fk03027,7,123517428,3.185e-01,0.497
fk03028,7,123517855,8.790e-01,0.056
fk03029,7,123861395,3.658e-01,0.437
fk03030,7,124271798,1.723e-01,0.764
fk03031,7,124706322,1.793e-02,1.746
fk03032,7,125560816,8.819e-01,0.055
fk03033,7,125857467,2.861e-01,0.543
fk03034,7,126900947,3.227e-02,1.491
fk03035,7,127622782,7.456e-01,0.127
fk03036,7,128806841,4.385e-01,0.358
fk03037,7,128986130,7.459e-01,0.127
fk03038,7,129175204,5.062e-01,0.296
fk03039,7,130357849,1.945e-01,0.711
fk03040,7,130399329,9.937e-01,0.003
fk03041,7,130702384,2.356e-01,0.628
fk03042,7,131125574,2.378e-01,0.624
fk03043,7,132452535,8.005e-02,1.097
fk03044,7,132482388,6.149e-01,0.211
fk03045,7,132657206,6.895e-01,0.161
fk03046,7,133185613,1.519e-01,0.818
fk03047,7,134558808,3.751e-01,0.426
fk03048,7,134613494,4.729e-01,0.325
fk03049,7,134827521,4.185e-01,0.378
fk03050,7,135062372,7.678e-01,0.115
fk03051,7,136403575,1.257e-01,0.901
fk03052,7,136528021,7.847e-02,1.105
fk03053,7,136912429,8.041e-02,1.095
fk03054,7,137613731,9.818e-01,0.008
fk03055,7,138249263,6.159e-01,0.210
fk03056,7,139047164,2.436e-01,0.613
fk03057,7,139441120,1.262e-01,0.899
fk03058,7,139828535,4.469e-01,0.350
fk03059,7,140658697,2.103e-01,0.677
fk03060,7,141648597,3.543e-01,0.451
fk03061,7,142008142,8.986e-01,0.046
fk03062,7,142993937,2.282e-01,0.642
fk03063,7,143719963,7.455e-01,0.128
fk03064,7,144072278,4.356e-01,0.361
fk03065,7,144595320,1.566e-01,0.805
fk03066,7,145156355,4.963e-01,0.304
fk03067,7,145170317,9.864e-01,0.006
fk03068,7,145210727,9.959e-02,1.002
fk03069,7,145427316,2.249e-01,0.648
fk03070,7,145900667,1.218e-01,0.914
fk03071,7,146343000,2.939e-01,0.532
fk03072,7,146406414,3.172e-01,0.499
fk03073,7,147994316,9.644e-01,0.016
fk03074,7,148076096,6.220e-01,0.206
fk03075,7,148148776,9.037e-01,0.044
fk03076,7,148509467,5.321e-02,1.274
fk03077,7,148604187,4.702e-01,0.328
fk03078,7,149215166,7.206e-01,0.142
fk03079,7,149324848,7.294e-01,0.137
fk03080,7,150861739,5.870e-01,0.231
fk03081,7,151235297,1.117e-01,0.952
fk03082,7,151593588,8.503e-01,0.070
fk03083,7,152870334,8.830e-01,0.054
fk03084,7,153449723,4.620e-01,0.335
fk03085,7,153898111,2.394e-01,0.621
fk03086,7,153933838,1.118e-01,0.952
fk03087,7,154222223,6.880e-01,0.162
fk03088,7,154258986,4.934e-02,1.307
fk03089,7,154746413,9.390e-02,1.027
fk03090,7,154964391,5.510e-01,0.259
fk03091,7,155885018,3.489e-01,0.457
fk03092,7,156028891,8.394e-01,0.076
fk03093,7,157455043,5.792e-01,0.237
fk03094,8,281921,6.499e-02,1.187
fk03095,8,2077033,2.312e-01,0.636
fk03096,8,2129496,6.307e-01,0.200
fk03097,8,2262796,9.042e-01,0.044
fk03098,8,2266963,4.511e-01,0.346
fk03099,8,2324373,2.050e-01,0.688
fk03100,8,2834918,6.936e-01,0.159
fk03101,8,2995603,5.893e-01,0.230
fk03102,8,3620545,5.642e-01,0.249
fk03103,8,3785438,8.159e-01,0.088
fk03104,8,4662099,9.669e-01,0.015
fk03105,8,5085511,2.960e-01,0.529
fk03106,8,5960359,5.752e-01,0.240
fk03107,8,6319003,1.028e-01,0.988
fk03108,8,7220127,8.467e-02,1.072
fk03109,8,7326116,2.397e-01,0.620
fk03110,8,7450908,8.027e-01,0.095
fk03111,8,7629662,5.534e-01,0.257
fk03112,8,8829476,1.592e-01,0.798
fk03113,8,9723980,3.300e-01,0.481
fk03114,8,10546495,2.571e-01,0.590
fk03115,8,10677243,5.604e-01,0.252
fk03116,8,10842986,4.409e-02,1.356
fk03117,8,11892205,2.714e-01,0.566
fk03118,8,12634363,2.131e-01,0.671
fk03119,8,12651573,4.302e-01,0.366
fk03120,8,13848835,5.897e-01,0.229
fk03121,8,14047595,5.320e-01,0.274
fk03122,8,14111626,9.050e-02,1.043
fk03123,8,14507030,7.336e-01,0.135
fk03124,8,14942533,5.657e-01,0.247
fk03125,8,14990846,7.435e-02,1.129
fk03126,8,15705069,2.441e-01,0.612
fk03127,8,15787458,2.843e-01,0.546
fk03128,8,16159315,9.363e-01,0.029
fk03129,8,16267642,7.983e-01,0.098
fk03130,8,18909879,5.711e-01,0.243
fk03131,8,18928980,6.833e-01,0.165
fk03132,8,19036528,1.521e-01,0.818
fk03133,8,19265908,4.971e-01,0.304
fk03134,8,19303890,8.481e-01,0.072
fk03135,8,19811792,4.098e-01,0.387
fk03136,8,19961683,1.511e-01,0.821
fk03137,8,20082816,4.645e-02,1.333
fk03138,8,20185024,3.921e-01,0.407
fk03139,8,21278078,5.511e-01,0.259
fk03140,8,21438456,5.447e-01,0.264
fk03141,8,21781600,7.957e-01,0.099
fk03142,8,22776187,9.667e-01,0.015
fk03143,8,23031023,3.000e-01,0.523
fk03144,8,23150319,9.058e-01,0.043
fk03145,8,24257817,5.550e-01,0.256
fk03146,8,24421480,9.771e-01,0.010
fk03147,8,24636899,7.091e-01,0.149
fk03148,8,24912845,6.326e-01,0.199
fk03149,8,25320193,8.977e-01,0.047
fk03150,8,25792755,7.230e-01,0.141
fk03151,8,26133467,9.134e-01,0.039
fk03152,8,26558000,1.616e-02,1.792
fk03153,8,28384422,7.138e-01,0.146
fk03154,8,29206378,4.072e-01,0.390
fk03155,8,29470743,9.774e-01,0.010
fk03156,8,29730787,1.612e-02,1.793
fk03157,8,30064382,8.994e-01,0.046
fk03158,8,30586310,8.670e-01,0.062
fk03159,8,30982425,1.379e-01,0.860
fk03160,8,31090128,5.610e-01,0.251
fk03161,8,32371112,5.851e-01,0.233
fk03162,8,32624135,6.164e-01,0.210
fk03163,8,35146479,8.118e-01,0.091
fk03164,8,35446330,6.675e-01,0.176
fk03165,8,35573522,6.589e-01,0.181
fk03166,8,36500600,5.331e-01,0.273
fk03167,8,36664006,1.932e-02,1.714
fk03168,8,37078324,7.596e-01,0.119
fk03169,8,37340821,7.059e-01,0.151
fk03170,8,37407551,7.521e-01,0.124
fk03171,8,38469552,4.947e-01,0.306
fk03172,8,38595911,5.106e-01,0.292
fk03173,8,39090478,1.978e-01,0.704
fk03174,8,39190198,8.268e-01,0.083
fk03175,8,39524510,3.404e-01,0.468
fk03176,8,39581984,7.884e-02,1.103
fk03177,8,40355549,3.116e-01,0.506
fk03178,8,40852109,3.812e-01,0.419
fk03179,8,41137210,5.002e-01,0.301
fk03180,8,41517326,2.354e-01,0.628
fk03181,8,41810276,7.507e-01,0.125
fk03182,8,41908827,2.799e-01,0.553
fk03183,8,42720092,8.796e-01,0.056
fk03184,8,43282366,9.055e-01,0.043
fk03185,8,43445740,8.109e-01,0.091
fk03186,8,44531088,5.581e-01,0.253
fk03187,8,44576271,9.428e-01,0.026
fk03188,8,44916579,9.773e-02,1.010
fk03189,8,44974218,2.343e-02,1.630
fk03190,8,45386407,4.431e-01,0.353
fk03191,8,45596085,3.689e-01,0.433
fk03192,8,45793985,7.573e-01,0.121
fk03193,8,46115548,2.006e-01,0.698
fk03194,8,47087531,3.227e-01,0.491
fk03195,8,47502603,7.014e-01,0.154
fk03196,8,48913510,4.583e-01,0.339
fk03197,8,48994769,1.365e-01,0.865
fk03198,8,49601563,9.088e-01,0.042
fk03199,8,50130919,6.926e-01,0.160
fk03200,8,50216398,9.892e-01,0.005
fk03201,8,50537148,8.423e-01,0.075
fk03202,8,50929907,6.267e-01,0.203
fk03203,8,51488854,5.958e-01,0.225
fk03204,8,52159318,2.664e-01,0.574
fk03205,8,52454526,3.601e-01,0.444
fk03206,8,52507014,7.559e-01,0.122
fk03207,8,52787924,9.500e-01,0.022
fk03208,8,53088313,1.729e-01,0.762
fk03209,8,53583948,7.031e-01,0.153
fk03210,8,54321369,3.161e-01,0.500
fk03211,8,54614545,4.962e-01,0.304
fk03212,8,56576605,1.268e-01,0.897
fk03213,8,57732169,9.805e-01,0.009
fk03214,8,58177607,1.083e-01,0.965
fk03215,8,58915214,5.269e-01,0.278
fk03216,8,58946283,4.848e-01,0.314
fk03217,8,59069008,9.196e-01,0.036
fk03218,8,59318349,4.351e-01,0.361
fk03219,8,60307229,5.670e-02,1.246
fk03220,8,61244214,3.557e-01,0.449
fk03221,8,64080211,5.897e-01,0.229
fk03222,8,65313336,3.228e-01,0.491
fk03223,8,65562772,2.105e-01,0.677
fk03224,8,65633115,6.845e-01,0.165
fk03225,8,66307804,7.678e-01,0.115
fk03226,8,67621922,3.950e-02,1.403
fk03227,8,67767139,4.287e-01,0.368
fk03228,8,68688605,2.183e-01,0.661
fk03229,8,68804465,4.914e-01,0.309
fk03230,8,69049818,3.864e-01,0.413
fk03231,8,69388755,7.561e-01,0.121
fk03232,8,70484463,8.305e-01,0.081
fk03233,8,71020358,1.256e-01,0.901
fk03234,8,71542284,2.289e-01,0.640
fk03235,8,71553969,3.115e-01,0.507
fk03236,8,71616694,9.967e-01,0.001
fk03237,8,73044039,4.740e-01,0.324
fk03238,8,73137414,9.764e-01,0.010
fk03239,8,73138433,5.334e-02,1.273
fk03240,8,73497367,6.422e-01,0.192
fk03241,8,73741822,5.545e-01,0.256
fk03242,8,73850596,6.925e-01,0.160
fk03243,8,74421456,9.358e-01,0.029
fk03244,8,74588331,9.501e-01,0.022
fk03245,8,75341230,3.879e-01,0.411
fk03246,8,76228357,5.321e-01,0.274
fk03247,8,76635321,1.725e-01,0.763
fk03248,8,76909101,3.729e-01,0.428
fk03249,8,76944386,7.051e-01,0.152
fk03250,8,77298929,5.494e-01,0.260
fk03251,8,77516334,1.141e-01,0.943
fk03252,8,77677190,4.756e-01,0.323
fk03253,8,77854230,2.543e-01,0.595
fk03254,8,78250173,6.727e-01,0.172
fk03255,8,78266324,4.331e-01,0.363
fk03256,8,78338603,5.210e-01,0.283
fk03257,8,79230966,3.491e-01,0.457
fk03258,8,79645570,5.475e-01,0.262
fk03259,8,80885552,7.606e-01,0.119
fk03260,8,82197225,7.927e-01,0.101
fk03261,8,82277758,3.443e-01,0.463
fk03262,8,82435526,4.740e-01,0.324
fk03263,8,82908220,4.265e-01,0.370
fk03264,8,83158876,6.203e-01,0.207
fk03265,8,83415190,5.324e-01,0.274
fk03266,8,83693346,9.771e-01,0.010
fk03267,8,83845563,3.228e-01,0.491
fk03268,8,84373577,5.442e-02,1.264
fk03269,8,84603040,3.463e-01,0.461
fk03270,8,84792174,8.231e-01,0.085
fk03271,8,85112892,2.657e-01,0.576
fk03272,8,86062201,6.067e-01,0.217
fk03273,8,86168712,9.131e-01,0.039
fk03274,8,86778553,1.963e-01,0.707
fk03275,8,86900199,7.894e-01,0.103
fk03276,8,88175789,7.761e-01,0.110
fk03277,8,89619375,7.986e-01,0.098
fk03278,8,89987808,2.615e-01,0.583
fk03279,8,92039681,7.175e-02,1.144
fk03280,8,92485219,3.292e-01,0.483
fk03281,8,92679204,8.455e-01,0.073
fk03282,8,93482693,6.008e-01,0.221
fk03283,8,93588623,3.638e-01,0.439
fk03284,8,93723023,8.281e-01,0.082
fk03285,8,93817345,7.751e-01,0.111
fk03286,8,94269738,1.449e-01,0.839
fk03287,8,94435495,5.899e-01,0.229
fk03288,8,95057936,6.825e-01,0.166
fk03289,8,95377016,9.773e-01,0.010
fk03290,8,96289767,1.459e-01,0.836
fk03291,8,97116282,6.285e-01,0.202
fk03292,8,97356965,3.247e-01,0.489
fk03293,8,98113415,7.873e-01,0.104
fk03294,8,99276598,9.748e-01,0.011
fk03295,8,99616432,9.174e-01,0.037
fk03296,8,99735071,1.979e-02,1.704
fk03297,8,99839960,2.677e-01,0.572
fk03298,8,99906679,6.586e-01,0.181
fk03299,8,100374222,6.316e-01,0.200
fk03300,8,100491085,9.699e-01,0.013
fk03301,8,100658011,1.281e-01,0.892
fk03302,8,101030648,8.793e-01,0.056
fk03303,8,101223327,1.479e-01,0.830
fk03304,8,101771227,6.744e-01,0.171
fk03305,8,102331162,7.736e-01,0.111
fk03306,8,102707102,8.549e-01,0.068
fk03307,8,103208797,1.479e-01,0.830
fk03308,8,103746922,9.030e-01,0.044
fk03309,8,104466332,5.988e-02,1.223
fk03310,8,105338626,3.855e-01,0.414
fk03311,8,105419136,2.954e-01,0.530
fk03312,8,105684285,9.552e-01,0.020
fk03313,8,105766311,5.056e-01,0.296
fk03314,8,105861291,7.399e-01,0.131
fk03315,8,106331795,7.732e-01,0.112
fk03316,8,106360061,5.989e-01,0.223
fk03317,8,106484451,9.002e-01,0.046
fk03318,8,106689478,8.421e-01,0.075
fk03319,8,107165042,6.827e-01,0.166
fk03320,8,107448284,7.037e-02,1.153
fk03321,8,108188052,4.438e-01,0.353
fk03322,8,108287389,3.041e-02,1.517
fk03323,8,108357350,8.967e-01,0.047
fk03324,8,108361157,9.053e-02,1.043
fk03325,8,108783195,7.089e-01,0.149
fk03326,8,108814048,4.315e-01,0.365
fk03327,8,108914429,1.176e-01,0.930
fk03328,8,109275036,8.717e-01,0.060
fk03329,8,109586417,7.287e-01,0.137
fk03330,8,110163035,2.403e-01,0.619
fk03331,8,110509769,7.035e-01,0.153
fk03332,8,111520265,6.466e-01,0.189
fk03333,8,112229218,4.370e-01,0.360
fk03334,8,112552397,4.605e-01,0.337
fk03335,8,112610922,3.447e-01,0.463
fk03336,8,112925408,8.756e-01,0.058
fk03337,8,113826294,3.743e-01,0.427
fk03338,8,114614295,1.235e-01,0.908
fk03339,8,114993027,8.969e-01,0.047
fk03340,8,115240218,7.953e-02,1.099
fk03341,8,115770627,8.640e-01,0.063
fk03342,8,115866848,9.056e-01,0.043
fk03343,8,116098642,5.820e-01,0.235
fk03344,8,116335239,8.062e-01,0.094
fk03345,8,116469159,5.423e-01,0.266
fk03346,8,117335926,6.113e-01,0.214
fk03347,8,118317963,4.656e-01,0.332
fk03348,8,119333914,5.884e-01,0.230
fk03349,8,119983809,5.525e-01,0.258
fk03350,8,120041231,4.439e-01,0.353
fk03351,8,120290885,8.411e-01,0.075
fk03352,8,120617230,3.151e-01,0.502
fk03353,8,121224899,3.927e-02,1.406
fk03354,8,121511132,9.629e-01,0.016
fk03355,8,121990925,4.516e-01,0.345
fk03356,8,122222644,1.189e-01,0.925
fk03357,8,122898850,9.725e-01,0.012
fk03358,8,123742630,9.023e-01,0.045
fk03359,8,123781990,9.038e-01,0.044
fk03360,8,124201713,3.780e-01,0.423
fk03361,8,124210314,8.192e-01,0.087
fk03362,8,126445573,9.504e-01,0.022
fk03363,8,126862319,6.300e-01,0.201
fk03364,8,127291568,4.208e-01,0.376
fk03365,8,127387337,2.984e-01,0.525
fk03366,8,127717377,8.685e-02,1.061
fk03367,8,128181456,2.824e-01,0.549
fk03368,8,128492206,2.727e-01,0.564
fk03369,8,129053095,9.483e-01,0.023
fk03370,8,129468245,2.842e-01,0.546
fk03371,8,129959793,6.073e-01,0.217
fk03372,8,130069286,7.294e-01,0.137
fk03373,8,130449086,1.019e-01,0.992
fk03374,8,130540479,8.901e-01,0.051
fk03375,8,130626921,7.834e-01,0.106
fk03376,8,132443222,3.315e-01,0.480
fk03377,8,133244939,9.671e-01,0.015
fk03378,8,133405737,4.473e-01,0.349
fk03379,8,133770769,4.241e-01,0.373
fk03380,8,133980185,2.117e-01,0.674
fk03381,8,134204077,2.661e-01,0.575
fk03382,8,134411959,7.035e-01,0.153
fk03383,8,134725632,1.180e-01,0.928
fk03384,8,134926546,7.207e-01,0.142
fk03385,8,135342815,7.114e-01,0.148
fk03386,8,135899581,9.560e-01,0.020
fk03387,8,136193202,5.701e-01,0.244
fk03388,8,136650864,2.384e-01,0.623
fk03389,8,136663550,1.052e-02,1.978
fk03390,8,136941013,5.736e-01,0.241
fk03391,8,137711905,2.941e-01,0.532
fk03392,8,138524718,8.702e-03,2.060
fk03393,8,138527948,8.664e-01,0.062
fk03394,8,138717596,7.640e-01,0.117
fk03395,8,138758562,9.949e-01,0.002
fk03396,8,139124442,9.985e-01,0.001
fk03397,8,139363832,3.416e-01,0.466
fk03398,8,140372422,2.098e-01,0.678
fk03399,8,140719900,9.855e-01,0.006
fk03400,8,140857053,3.888e-01,0.410
fk03401,8,140860131,1.061e-01,0.974
fk03402,8,141539334,6.296e-01,0.201
fk03403,8,142377655,1.023e-01,0.990
fk03404,8,143011028,6.626e-01,0.179
fk03405,8,143534554,3.298e-01,0.482
fk03406,8,143566646,5.626e-01,0.250
fk03407,8,143728266,6.959e-01,0.157
fk03408,8,144191820,3.182e-01,0.497
fk03409,8,144492324,1.886e-01,0.724
fk03410,8,144498364,9.067e-01,0.043
fk03411,8,144748667,5.838e-01,0.234
fk03412,8,144813103,5.178e-01,0.286
fk03413,9,634239,5.739e-02,1.241
fk03414,9,2124481,3.078e-01,0.512
fk03415,9,2423186,8.777e-01,0.057
fk03416,9,2543030,1.743e-01,0.759
fk03417,9,3021787,2.903e-01,0.537
fk03418,9,3146230,7.932e-01,0.101
fk03419,9,3459052,4.085e-01,0.389
fk03420,9,4118253,5.122e-01,0.291
fk03421,9,4299117,8.928e-01,0.049
fk03422,9,4496106,4.417e-02,1.355
fk03423,9,5018146,2.289e-01,0.640
fk03424,9,5226298,1.166e-01,0.933
fk03425,9,6064593,8.959e-01,0.048
fk03426,9,7658603,6.977e-01,0.156
fk03427,9,7666205,1.259e-01,0.900
fk03428,9,8649263,4.349e-01,0.362
fk03429,9,9021212,3.735e-01,0.428
fk03430,9,9467981,8.410e-01,0.075
fk03431,9,9496702,2.223e-01,0.653
fk03432,9,10676190,8.352e-02,1.078
fk03433,9,12083266,7.777e-01,0.109
fk03434,9,12523926,1.135e-01,0.945
fk03435,9,12643269,9.298e-01,0.032
fk03436,9,12819371,2.237e-01,0.650
fk03437,9,13548006,8.961e-01,0.048
fk03438,9,14828387,2.216e-01,0.654
fk03439,9,15060522,3.935e-01,0.405
fk03440,9,15226888,2.329e-02,1.633
fk03441,9,17868674,2.866e-01,0.543
fk03442,9,18410987,5.663e-01,0.247
fk03443,9,18473035,1.710e-01,0.767
fk03444,9,18701835,1.540e-01,0.812
fk03445,9,19131354,3.939e-01,0.405
fk03446,9,19970592,4.695e-02,1.328
fk03447,9,20909329,3.645e-01,0.438
fk03448,9,21005192,6.442e-01,0.191
fk03449,9,22133996,7.113e-01,0.148
fk03450,9,22281137,4.688e-01,0.329
fk03451,9,22793035,8.814e-01,0.055
fk03452,9,22793516,6.485e-02,1.188
fk03453,9,23104106,6.432e-01,0.192
fk03454,9,24132667,6.295e-01,0.201
fk03455,9,24152568,8.910e-01,0.050
fk03456,9,25062847,3.458e-01,0.461
fk03457,9,25927441,7.980e-01,0.098
fk03458,9,25934325,7.663e-01,0.116
fk03459,9,26038530,2.385e-01,0.623
fk03460,9,26272953,4.850e-02,1.314
fk03461,9,27510581,1.719e-01,0.765
fk03462,9,27728041,3.321e-01,0.479
fk03463,9,28636901,8.704e-01,0.060
fk03464,9,28790061,7.241e-01,0.140
fk03465,9,28980471,8.952e-01,0.048
fk03466,9,29265253,6.266e-01,0.203
fk03467,9,29396222,7.448e-01,0.128
fk03468,9,29475021,7.414e-04,3.130
fk03469,9,29644857,7.372e-01,0.132
fk03470,9,29877343,1.473e-01,0.832
fk03471,9,30991652,4.956e-01,0.305
fk03472,9,31676435,6.388e-01,0.195
fk03473,9,31689304,1.929e-01,0.715
fk03474,9,31803444,6.380e-01,0.195
fk03475,9,32284261,1.546e-01,0.811
fk03476,9,32515085,2.072e-01,0.684
fk03477,9,33730761,5.615e-01,0.251
fk03478,9,34310202,8.003e-01,0.097
fk03479,9,35106124,1.456e-01,0.837
fk03480,9,35158391,4.070e-01,0.390
fk03481,9,35246412,4.331e-01,0.363
fk03482,9,35627136,2.900e-01,0.538
fk03483,9,35691298,6.012e-01,0.221
fk03484,9,36091755,5.144e-01,0.289
fk03485,9,36102347,9.080e-01,0.042
fk03486,9,37089496,3.674e-02,1.435
fk03487,9,37294801,9.247e-01,0.034
fk03488,9,37624316,6.868e-01,0.163
fk03489,9,37956553,8.224e-01,0.085
fk03490,9,39236403,9.893e-01,0.005
fk03491,9,39259620,9.604e-01,0.018
fk03492,9,39377543,3.227e-01,0.491
fk03493,9,39491792,1.800e-01,0.745
fk03494,9,39929051,8.529e-01,0.069
fk03495,9,40501271,8.095e-01,0.092
fk03496,9,41709996,2.166e-02,1.664
fk03497,9,42577467,3.359e-01,0.474
fk03498,9,42775774,3.313e-01,0.480
fk03499,9,44218026,6.984e-01,0.156
fk03500,9,44272667,1.282e-01,0.892
fk03501,9,44391446,8.380e-01,0.077
fk03502,9,45041240,5.123e-01,0.290
fk03503,9,45247233,8.120e-01,0.090
fk03504,9,45649134,3.650e-01,0.438
fk03505,9,45972714,4.550e-01,0.342
fk03506,9,46537980,5.390e-01,0.268
fk03507,9,46650257,4.027e-01,0.395
fk03508,9,46914720,1.661e-01,0.780
fk03509,9,47095571,5.159e-01,0.287
fk03510,9,47747189,6.067e-01,0.217
fk03511,9,47992832,6.059e-01,0.218
fk03512,9,47999317,9.282e-01,0.032
fk03513,9,48169126,4.198e-01,0.377
fk03514,9,49263669,5.930e-01,0.227
fk03515,9,49355812,6.591e-01,0.181
fk03516,9,49775461,2.560e-01,0.592
fk03517,9,50647445,1.794e-01,0.746
fk03518,9,50722384,5.714e-01,0.243
fk03519,9,50843713,2.535e-01,0.596
fk03520,9,51414273,9.015e-01,0.045
fk03521,9,52841301,4.684e-01,0.329
fk03522,9,53146229,5.385e-01,0.269
fk03523,9,53855964,6.965e-02,1.157
fk03524,9,54510144,3.286e-01,0.483
fk03525,9,54772938,6.554e-01,0.183
fk03526,9,55260744,8.643e-02,1.063
fk03527,9,56040233,8.014e-01,0.096
fk03528,9,56085441,6.870e-01,0.163
fk03529,9,56814638,3.006e-01,0.522
fk03530,9,56929725,6.161e-02,1.210
fk03531,9,56931216,9.307e-01,0.031
fk03532,9,57537750,7.541e-01,0.123
fk03533,9,57691121,5.754e-01,0.240
fk03534,9,57842734,1.418e-01,0.848
fk03535,9,58639043,4.039e-01,0.394
fk03536,9,58696547,2.908e-01,0.536
fk03537,9,59183835,8.834e-01,0.054
fk03538,9,59318537,6.033e-02,1.219
fk03539,9,59490419,9.189e-01,0.037
fk03540,9,59499911,8.933e-01,0.049
fk03541,9,60204399,1.635e-01,0.786
fk03542,9,60419708,5.697e-02,1.244
fk03543,9,60434478,1.764e-01,0.754
fk03544,9,60472101,4.630e-01,0.334
fk03545,9,60817315,5.268e-01,0.278
fk03546,9,61056375,9.577e-01,0.019
fk03547,9,62114156,3.899e-01,0.409
fk03548,9,62355330,1.445e-01,0.840
fk03549,9,62872847,1.532e-01,0.815
fk03550,9,64078321,1.453e-01,0.838
fk03551,9,64259748,4.233e-01,0.373
fk03552,9,64263717,2.516e-01,0.599
fk03553,9,64308944,3.765e-01,0.424
fk03554,9,65597996,7.824e-01,0.107
fk03555,9,66400383,5.879e-01,0.231
fk03556,9,67095062,6.806e-01,0.167
fk03557,9,67240045,2.101e-01,0.678
fk03558,9,67607698,2.881e-01,0.540
fk03559,9,68260637,4.865e-01,0.313
fk03560,9,69024506,8.586e-01,0.066
fk03561,9,69430505,3.248e-01,0.488
fk03562,9,69594777,2.241e-01,0.650
fk03563,9,69707622,8.785e-01,0.056
fk03564,9,71542960,4.292e-01,0.367
fk03565,9,73079581,1.015e-01,0.994
fk03566,9,74014731,9.691e-01,0.014
fk03567,9,74935131,6.860e-01,0.164
fk03568,9,74979129,6.806e-01,0.167
fk03569,9,75672257,9.168e-01,0.038
fk03570,9,75843126,1.903e-01,0.721
fk03571,9,76019484,5.395e-01,0.268
fk03572,9,76953231,5.466e-01,0.262
fk03573,9,77087723,9.900e-01,0.004
fk03574,9,77263157,6.438e-01,0.191
fk03575,9,77309612,4.513e-01,0.346
fk03576,9,77315885,9.253e-01,0.034
fk03577,9,77612751,2.735e-01,0.563
fk03578,9,78367676,2.292e-01,0.640
fk03579,9,78443308,5.135e-01,0.289
fk03580,9,78769977,6.269e-01,0.203
fk03581,9,79197770,5.375e-01,0.270
fk03582,9,79205806,4.277e-01,0.369
fk03583,9,79443950,1.460e-01,0.836
fk03584,9,79954055,4.967e-01,0.304
fk03585,9,80399411,7.486e-01,0.126
fk03586,9,80653182,8.905e-01,0.050
fk03587,9,81721424,2.653e-01,0.576
fk03588,9,81733671,6.511e-01,0.186
fk03589,9,81741552,9.535e-01,0.021
fk03590,9,82014134,1.040e-01,0.983
fk03591,9,82433383,6.224e-01,0.206
fk03592,9,83304144,5.621e-02,1.250
fk03593,9,84409582,6.578e-02,1.182
fk03594,9,85534012,4.937e-01,0.307
fk03595,9,86216392,8.095e-01,0.092
fk03596,9,86809272,1.380e-02,1.860
fk03597,9,87077716,4.280e-01,0.369
fk03598,9,87140764,7.011e-01,0.154
fk03599,9,87755299,9.826e-01,0.008
fk03600,9,88130104,9.831e-01,0.007
fk03601,9,88915380,8.082e-01,0.092
fk03602,9,89163645,3.776e-01,0.423
fk03603,9,90418370,9.497e-01,0.022
fk03604,9,90746952,7.033e-01,0.153
fk03605,9,91934567,2.541e-01,0.595
fk03606,9,92045083,8.879e-01,0.052
fk03607,9,92514074,9.906e-01,0.004
fk03608,9,92902443,6.970e-01,0.157
fk03609,9,93374361,5.518e-01,0.258
fk03610,9,94780108,7.541e-01,0.123
fk03611,9,95025528,2.951e-01,0.530
fk03612,9,95088059,2.333e-01,0.632
fk03613,9,96202392,3.906e-01,0.408
fk03614,9,96765457,8.690e-01,0.061
fk03615,9,97066464,6.818e-01,0.166
fk03616,9,97630272,9.240e-01,0.034
fk03617,9,97636960,3.530e-01,0.452
fk03618,9,97859400,5.318e-02,1.274
fk03619,9,98017592,6.238e-01,0.205
fk03620,9,98042052,5.460e-01,0.263
fk03621,9,98942610,8.961e-01,0.048
fk03622,9,99361032,8.282e-02,1.082
fk03623,9,99643921,6.127e-01,0.213
fk03624,9,100710904,6.989e-01,0.156
fk03625,9,101266363,1.494e-01,0.826
fk03626,9,101589025,5.465e-01,0.262
fk03627,9,101852134,8.956e-01,0.048
fk03628,9,101981335,5.754e-01,0.240
fk03629,9,102303554,3.914e-01,0.407
fk03630,9,102389635,6.331e-01,0.199
fk03631,9,102814739,8.163e-01,0.088
fk03632,9,102943100,6.259e-01,0.203
fk03633,9,103378244,7.129e-01,0.147
fk03634,9,103523644,8.477e-01,0.072
fk03635,9,103545881,9.811e-01,0.008
fk03636,9,103548426,2.935e-01,0.532
fk03637,9,104364298,6.872e-01,0.163
fk03638,9,104410265,9.678e-01,0.014
fk03639,9,105321343,6.820e-01,0.166
fk03640,9,106636216,1.203e-01,0.920
fk03641,9,107002347,7.846e-01,0.105
fk03642,9,107115491,7.463e-01,0.127
fk03643,9,107205335,4.004e-01,0.398
fk03644,9,107509397,6.563e-01,0.183
fk03645,9,107658879,1.773e-01,0.751
fk03646,9,109060062,9.520e-01,0.021
fk03647,9,109355728,9.046e-01,0.044
fk03648,9,109831000,6.318e-01,0.199
fk03649,9,110019600,9.000e-01,0.046
fk03650,9,110092639,1.257e-02,1.901
fk03651,9,110278812,2.664e-01,0.574
fk03652,9,110409856,5.735e-01,0.241
fk03653,9,112074362,8.436e-01,0.074
fk03654,9,112764053,3.617e-01,0.442
fk03655,9,114841105,4.853e-02,1.314
fk03656,9,114956826,5.966e-01,0.224
fk03657,9,115454700,4.794e-01,0.319
fk03658,9,116268228,2.883e-01,0.540
fk03659,9,117323557,3.456e-01,0.461
fk03660,9,117746463,1.696e-01,0.771
fk03661,9,117871830,5.352e-01,0.271
fk03662,9,118355830,9.869e-01,0.006
fk03663,9,118641487,8.219e-02,1.085
fk03664,9,118697401,9.393e-01,0.027
fk03665,9,118909489,1.679e-01,0.775
fk03666,9,119557901,6.297e-02,1.201
fk03667,9,120017457,2.118e-01,0.674
fk03668,9,121237684,6.655e-01,0.177
fk03669,9,121427105,7.548e-01,0.122
fk03670,9,121930315,7.393e-01,0.131
fk03671,9,122137138,5.958e-01,0.225
fk03672,9,122293981,1.204e-01,0.919
fk03673,9,122462120,1.101e-01,0.958
fk03674,9,122534851,1.986e-01,0.702
fk03675,9,123326072,9.248e-01,0.034
fk03676,9,123339899,2.391e-01,0.621
fk03677,9,123659795,7.173e-01,0.144
fk03678,9,123966262,7.382e-01,0.132
fk03679,9,124096432,2.772e-01,0.557
fk03680,9,124914857,5.024e-02,1.299
fk03681,9,124962414,7.291e-01,0.137
fk03682,9,124980859,7.191e-01,0.143
fk03683,9,125384702,1.341e-01,0.873
fk03684,9,125473700,2.658e-01,0.575
fk03685,9,126089495,5.031e-02,1.298
fk03686,9,126490818,1.267e-01,0.897
fk03687,9,126827630,7.728e-01,0.112
fk03688,9,126906242,2.187e-01,0.660
fk03689,9,127483387,9.259e-02,1.033
fk03690,9,127727333,6.592e-01,0.181
fk03691,9,127736568,9.164e-01,0.038
fk03692,9,127833340,6.916e-01,0.160
fk03693,9,128312741,1.450e-01,0.839
fk03694,9,128439780,6.514e-01,0.186
fk03695,9,128553365,8.613e-01,0.065
fk03696,9,130032706,7.790e-01,0.108
fk03697,9,130325625,9.275e-01,0.033
fk03698,9,130530917,1.654e-01,0.781
fk03699,9,131685088,4.954e-01,0.305
fk03700,9,131946431,6.871e-02,1.163
fk03701,9,131954663,8.721e-01,0.059
fk03702,9,132131638,1.728e-01,0.762
fk03703,9,132349586,7.622e-01,0.118
fk03704,9,132810693,2.570e-01,0.590
fk03705,9,133167468,3.152e-01,0.501
fk03706,9,133818292,2.420e-01,0.616
fk03707,9,133902495,6.921e-01,0.160
fk03708,9,135623261,8.289e-01,0.081
fk03709,9,135863706,8.093e-01,0.092
fk03710,9,136498682,3.705e-01,0.431
fk03711,9,137035007,8.264e-01,0.083
fk03712,9,137317637,8.356e-02,1.078
fk03713,9,137333692,7.236e-02,1.141
fk03714,9,137361215,9.469e-01,0.024
fk03715,9,137716824,7.583e-02,1.120
fk03716,10,157157,5.520e-03,2.258
fk03717,10,882296,9.243e-01,0.034
fk03718,10,2051192,1.313e-01,0.882
fk03719,10,2161478,2.381e-01,0.623
fk03720,10,2670024,4.627e-02,1.335
fk03721,10,2848469,7.662e-01,0.116
fk03722,10,2949086,3.773e-01,0.423
fk03723,10,3143386,1.133e-01,0.946
fk03724,10,3177977,4.336e-01,0.363
fk03725,10,3408723,1.779e-01,0.750
fk03726,10,3837097,8.530e-01,0.069
fk03727,10,4894893,2.666e-02,1.574
fk03728,10,5155232,6.237e-01,0.205
fk03729,10,5230177,7.543e-01,0.122
fk03730,10,5949784,5.437e-01,0.265
fk03731,10,5995325,3.627e-01,0.440
fk03732,10,6261793,6.043e-01,0.219
fk03733,10,6652545,7.547e-01,0.122
fk03734,10,7259540,8.072e-01,0.093
fk03735,10,7544170,5.245e-01,0.280
fk03736,10,8017435,9.867e-01,0.006
fk03737,10,8435438,2.865e-01,0.543
fk03738,10,8537508,5.817e-01,0.235
fk03739,10,8864139,2.632e-01,0.580
fk03740,10,8941315,3.237e-01,0.490
fk03741,10,9307554,8.982e-01,0.047
fk03742,10,9415215,9.578e-01,0.019
fk03743,10,9440126,3.485e-01,0.458
fk03744,10,9489692,9.850e-01,0.007
fk03745,10,9732387,3.841e-01,0.416
fk03746,10,10602850,4.898e-01,0.310
fk03747,10,10776635,4.710e-01,0.327
fk03748,10,10808318,6.129e-01,0.213
fk03749,10,11677250,7.236e-01,0.141
fk03750,10,12030510,2.636e-01,0.579
fk03751,10,12144069,9.093e-01,0.041
fk03752,10,12370651,4.096e-01,0.388
fk03753,10,12622355,2.671e-01,0.573
fk03754,10,12695935,4.315e-01,0.365
fk03755,10,14000347,4.772e-01,0.321
fk03756,10,14172750,1.891e-01,0.723
fk03757,10,14219725,1.046e-01,0.980
fk03758,10,14295950,4.229e-01,0.374
fk03759,10,15144190,7.951e-01,0.100
fk03760,10,15776524,3.793e-01,0.421
fk03761,10,15783432,9.724e-01,0.012
fk03762,10,16295779,8.618e-01,0.065
fk03763,10,16830456,5.090e-01,0.293
fk03764,10,16940265,3.005e-01,0.522
fk03765,10,16978477,1.405e-02,1.852
fk03766,10,17180355,1.302e-01,0.885
fk03767,10,17364152,6.772e-01,0.169
fk03768,10,17720255,1.435e-01,0.843
fk03769,10,17762897,7.952e-01,0.100
fk03770,10,18238128,8.923e-01,0.049
fk03771,10,18513360,6.468e-01,0.189
fk03772,10,18913292,6.991e-01,0.155
fk03773,10,19088989,7.074e-01,0.150
fk03774,10,19147588,5.820e-01,0.235
fk03775,10,19288910,5.054e-01,0.296
fk03776,10,20020598,5.271e-01,0.278
fk03777,10,20671616,9.650e-01,0.015
fk03778,10,20761518,5.023e-01,0.299
fk03779,10,20972399,3.711e-01,0.431
fk03780,10,21787602,8.451e-01,0.073
fk03781,10,22299751,2.535e-01,0.596
fk03782,10,22451727,9.372e-01,0.028
fk03783,10,23371519,7.252e-01,0.140
fk03784,10,23608178,9.443e-01,0.025
fk03785,10,24059599,5.282e-01,0.277
fk03786,10,24338113,6.101e-01,0.215
fk03787,10,24378616,5.179e-01,0.286
fk03788,10,24590611,7.989e-01,0.098
fk03789,10,25008929,8.312e-01,0.080
fk03790,10,26290871,9.963e-01,0.002
fk03791,10,26461349,3.665e-01,0.436
fk03792,10,26993170,3.446e-01,0.463
fk03793,10,27194926,8.460e-01,0.073
fk03794,10,27338098,7.076e-01,0.150
fk03795,10,27465867,2.177e-01,0.662
fk03796,10,27538462,4.700e-01,0.328
fk03797,10,28349341,6.131e-01,0.212
fk03798,10,28425164,7.688e-01,0.114
fk03799,10,28518802,6.666e-01,0.176
fk03800,10,29353026,8.057e-01,0.094
fk03801,10,29793411,3.115e-01,0.507
fk03802,10,30330446,5.709e-01,0.243
fk03803,10,30521034,1.686e-01,0.773
fk03804,10,30681302,9.222e-01,0.035
fk03805,10,30781689,8.530e-01,0.069
fk03806,10,31375395,3.982e-01,0.400
fk03807,10,31571125,7.787e-01,0.109
fk03808,10,34199431,3.881e-01,0.411
fk03809,10,34870060,1.629e-01,0.788
fk03810,10,35068708,9.391e-01,0.027
fk03811,10,35379168,1.881e-01,0.726
fk03812,10,35587950,9.862e-02,1.006
fk03813,10,36342386,9.585e-01,0.018
fk03814,10,36432255,4.783e-01,0.320
fk03815,10,36676619,9.582e-02,1.019
fk03816,10,37101553,2.803e-01,0.552
fk03817,10,37888593,9.020e-01,0.045
fk03818,10,38012094,1.829e-02,1.738
fk03819,10,38057507,6.151e-01,0.211
fk03820,10,38258165,7.075e-01,0.150
fk03821,10,39645699,7.694e-01,0.114
fk03822,10,39793604,7.590e-01,0.120
fk03823,10,40015859,4.422e-01,0.354
fk03824,10,40120988,8.718e-01,0.060
fk03825,10,40884947,2.172e-01,0.663
fk03826,10,41584703,9.922e-01,0.003
fk03827,10,41777717,1.975e-01,0.704
fk03828,10,41777796,8.528e-01,0.069
fk03829,10,44287754,9.469e-01,0.024
fk03830,10,44601690,8.055e-01,0.094
fk03831,10,45151252,5.087e-01,0.294
fk03832,10,45443402,4.028e-01,0.395
fk03833,10,46342069,4.129e-01,0.384
fk03834,10,48069677,3.088e-01,0.510
fk03835,10,48077105,8.709e-01,0.060
fk03836,10,48820178,8.471e-01,0.072
fk03837,10,49267715,5.924e-01,0.227
fk03838,10,49863985,7.912e-01,0.102
fk03839,10,49969863,7.422e-02,1.129
fk03840,10,50134034,4.134e-01,0.384
fk03841,10,51036335,6.120e-01,0.213
fk03842,10,51054657,7.526e-01,0.123
fk03843,10,51357774,6.125e-01,0.213
fk03844,10,51403561,3.559e-01,0.449
fk03845,10,51567193,9.327e-01,0.030
fk03846,10,51869362,7.514e-01,0.124
fk03847,10,53927709,3.215e-01,0.493
fk03848,10,55307245,7.295e-01,0.137
fk03849,10,55859085,4.655e-01,0.332
fk03850,10,56256074,5.078e-01,0.294
fk03851,10,56267543,3.975e-01,0.401
fk03852,10,56321853,4.000e-02,1.398
fk03853,10,57139550,6.655e-01,0.177
fk03854,10,57697334,4.045e-01,0.393
fk03855,10,57878772,9.977e-01,0.001
fk03856,10,58280429,9.163e-01,0.038
fk03857,10,59330746,7.415e-01,0.130
fk03858,10,59596943,9.875e-01,0.005
fk03859,10,59868193,6.464e-01,0.189
fk03860,10,60000039,4.161e-01,0.381
fk03861,10,60214560,9.746e-01,0.011
fk03862,10,60522667,8.313e-01,0.080
fk03863,10,60788266,2.525e-01,0.598
fk03864,10,62793798,9.134e-01,0.039
fk03865,10,62794005,1.043e-01,0.982
fk03866,10,62821847,5.046e-01,0.297
fk03867,10,63136172,4.005e-01,0.397
fk03868,10,63515371,5.448e-01,0.264
fk03869,10,63634440,8.708e-01,0.060
fk03870,10,64101954,6.196e-01,0.208
fk03871,10,64681591,9.760e-01,0.011
fk03872,10,65061260,4.192e-01,0.378
fk03873,10,65257393,1.386e-01,0.858
fk03874,10,65310958,9.697e-01,0.013
fk03875,10,65909880,8.230e-01,0.085
fk03876,10,66818270,4.763e-01,0.322
fk03877,10,67290390,7.001e-01,0.155
fk03878,10,67386314,1.324e-01,0.878
fk03879,10,67402611,8.030e-01,0.095
fk03880,10,67470354,7.240e-01,0.140
fk03881,10,68332132,7.782e-01,0.109
fk03882,10,68679409,4.886e-01,0.311
fk03883,10,68864232,2.441e-01,0.612
fk03884,10,68958547,4.952e-01,0.305
fk03885,10,69533495,1.962e-01,0.707
fk03886,10,69749645,3.604e-01,0.443
fk03887,10,71128828,7.636e-01,0.117
fk03888,10,73147604,5.322e-01,0.274
fk03889,10,73190690,5.372e-01,0.270
fk03890,10,73321005,5.722e-01,0.242
fk03891,10,73435134,9.613e-01,0.017
fk03892,10,73769338,5.468e-01,0.262
fk03893,10,74238434,4.556e-01,0.341
fk03894,10,74575511,8.256e-01,0.083
fk03895,10,74615693,6.617e-01,0.179
fk03896,10,75717573,4.174e-02,1.379
fk03897,10,77191524,6.789e-01,0.168
fk03898,10,77461693,4.227e-01,0.374
fk03899,10,77809492,7.165e-01,0.145
fk03900,10,79152357,7.561e-01,0.121
fk03901,10,79174133,2.257e-01,0.646
fk03902,10,80105740,5.823e-01,0.235
fk03903,10,80829816,1.216e-01,0.915
fk03904,10,81182462,3.667e-01,0.436
fk03905,10,81255667,8.981e-01,0.047
fk03906,10,81795876,3.972e-01,0.401
fk03907,10,82015852,9.519e-01,0.021
fk03908,10,82087253,3.783e-01,0.422
fk03909,10,82119024,4.027e-01,0.395
fk03910,10,82280671,1.812e-01,0.742
fk03911,10,83038136,7.250e-01,0.140
fk03912,10,84425799,8.476e-01,0.072
fk03913,10,84936351,3.911e-01,0.408
fk03914,10,85388832,8.166e-01,0.088
fk03915,10,86390649,9.255e-01,0.034
fk03916,10,87063217,7.163e-01,0.145
fk03917,10,88268517,7.532e-01,0.123
fk03918,10,88530736,3.034e-01,0.518
fk03919,10,88803332,6.623e-01,0.179
fk03920,10,89149735,3.326e-01,0.478
fk03921,10,89762219,1.598e-01,0.796
fk03922,10,90183781,6.006e-01,0.221
fk03923,10,90479430,1.116e-02,1.952
fk03924,10,90759014,9.424e-01,0.026
fk03925,10,91117269,8.177e-01,0.087
fk03926,10,91472297,9.527e-01,0.021
fk03927,10,92242854,5.536e-01,0.257
fk03928,10,92614470,8.580e-01,0.067
fk03929,10,92795283,9.308e-01,0.031
fk03930,10,93034904,2.100e-01,0.678
fk03931,10,93539183,6.170e-01,0.210
fk03932,10,94325225,3.064e-01,0.514
fk03933,10,94356719,2.481e-01,0.605
fk03934,10,94487417,2.186e-01,0.660
fk03935,10,94789512,1.098e-01,0.959
fk03936,10,94803462,5.881e-01,0.231
fk03937,10,95086193,4.148e-01,0.382
fk03938,10,95679339,7.428e-02,1.129
fk03939,10,95909661,2.558e-01,0.592
fk03940,10,96070557,3.724e-01,0.429
fk03941,10,97874465,6.484e-01,0.188
fk03942,10,98141512,4.597e-01,0.338
fk03943,10,98564102,9.209e-01,0.036
fk03944,10,98849525,6.147e-01,0.211
fk03945,10,99035736,9.897e-01,0.004
fk03946,10,99517420,8.538e-01,0.069
fk03947,10,100097729,5.509e-01,0.259
fk03948,10,100823951,5.488e-01,0.261
fk03949,10,101439741,3.296e-02,1.482
fk03950,10,101697990,4.410e-02,1.356
fk03951,10,101901524,7.579e-01,0.120
fk03952,10,102001017,4.755e-01,0.323
fk03953,10,104271338,7.493e-01,0.125
fk03954,10,104680668,5.823e-01,0.235
fk03955,10,105461658,1.431e-01,0.844
fk03956,10,106477144,5.814e-01,0.236
fk03957,10,106638257,8.168e-01,0.088
fk03958,10,107083358,4.034e-01,0.394
fk03959,10,108261886,1.778e-01,0.750
fk03960,10,108532740,8.323e-01,0.080
fk03961,10,109244162,6.713e-01,0.173
fk03962,10,109645949,3.911e-01,0.408
fk03963,10,111699839,7.412e-01,0.130
fk03964,10,112365075,9.909e-01,0.004
fk03965,10,112699474,4.280e-01,0.369
fk03966,10,112715012,6.335e-01,0.198
fk03967,10,113126912,5.949e-01,0.226
fk03968,10,113824281,6.790e-01,0.168
fk03969,10,114715785,9.475e-04,3.023
fk03970,10,114966133,1.092e-01,0.962
fk03971,10,115099797,8.444e-03,2.073
fk03972,10,116513500,2.513e-01,0.600
fk03973,10,116572927,3.206e-01,0.494
fk03974,10,116889500,9.180e-01,0.037
fk03975,10,116987537,5.696e-01,0.244
fk03976,10,117015560,7.272e-01,0.138
fk03977,10,117146189,2.957e-01,0.529
fk03978,10,117733931,4.036e-01,0.394
fk03979,10,118940683,1.196e-01,0.922
fk03980,10,119202734,5.195e-01,0.284
fk03981,10,120459141,2.360e-01,0.627
fk03982,10,120728335,8.958e-01,0.048
fk03983,10,121399517,9.005e-01,0.046
fk03984,10,121920025,1.993e-01,0.700
fk03985,10,122005992,9.121e-01,0.040
fk03986,10,122250523,7.323e-02,1.135
fk03987,10,123022561,5.728e-01,0.242
fk03988,10,123186380,9.053e-01,0.043
fk03989,10,123355557,4.987e-01,0.302
fk03990,10,123612130,3.428e-01,0.465
fk03991,10,123699331,4.041e-01,0.394
fk03992,10,123932647,7.649e-01,0.116
fk03993,10,124190771,5.002e-01,0.301
fk03994,10,124425795,6.501e-01,0.187
fk03995,10,124672910,9.561e-01,0.019
fk03996,10,124740044,1.888e-01,0.724
fk03997,10,126955829,3.889e-01,0.410
fk03998,10,127433090,1.206e-01,0.919
fk03999,10,127528571,8.360e-01,0.078
fk04000,10,127875635,2.218e-01,0.654
fk04001,10,128579022,7.548e-01,0.122
fk04002,10,129116725,7.482e-01,0.126
fk04003,10,130482255,9.855e-01,0.006
fk04004,10,130498528,3.276e-01,0.485
fk04005,10,130550634,3.287e-01,0.483
fk04006,10,132861667,9.386e-01,0.028
fk04007,10,132951777,3.443e-02,1.463
fk04008,10,133137484,5.896e-02,1.229
fk04009,10,133430318,7.763e-01,0.110
fk04010,11,1145362,1.462e-01,0.835
fk04011,11,2394158,6.931e-01,0.159
fk04012,11,2862055,3.543e-01,0.451
fk04013,11,3531351,8.570e-01,0.067
fk04014,11,3654310,3.324e-01,0.478
fk04015,11,4474571,3.241e-01,0.489
fk04016,11,4769661,7.875e-01,0.104
fk04017,11,4847319,5.782e-01,0.238
fk04018,11,5193774,1.580e-01,0.801
fk04019,11,5440909,3.431e-01,0.465
fk04020,11,5793992,6.002e-01,0.222
fk04021,11,7362831,4.155e-01,0.381
fk04022,11,7899825,5.824e-01,0.235
fk04023,11,8926151,3.280e-01,0.484
fk04024,11,8984409,2.038e-01,0.691
fk04025,11,9221646,2.713e-01,0.567
fk04026,11,9384333,7.708e-01,0.113
fk04027,11,9799547,3.741e-01,0.427
fk04028,11,10072553,7.674e-01,0.115
fk04029,11,10397460,6.961e-01,0.157
fk04030,11,10464829,2.600e-01,0.585
fk04031,11,10810795,5.628e-01,0.250
fk04032,11,11210019,8.088e-01,0.092
fk04033,11,11350894,2.420e-01,0.616
fk04034,11,11715312,4.111e-01,0.386
fk04035,11,11907656,7.628e-01,0.118
fk04036,11,12109233,9.332e-01,0.030
fk04037,11,12606154,7.054e-01,0.152
fk04038,11,12721712,3.147e-01,0.502
fk04039,11,13020587,5.618e-01,0.250
fk04040,11,13304546,5.862e-01,0.232
fk04041,11,15542132,5.848e-01,0.233
fk04042,11,15943420,2.263e-01,0.645
fk04043,11,16754374,5.836e-01,0.234
fk04044,11,17081841,7.798e-01,0.108
fk04045,11,17871510,6.003e-01,0.222
fk04046,11,17963469,3.164e-01,0.500
fk04047,11,18025304,1.600e-01,0.796
fk04048,11,18610987,1.244e-01,0.905
fk04049,11,18932132,5.811e-01,0.236
fk04050,11,19620652,3.208e-01,0.494
fk04051,11,19887090,6.874e-02,1.163
fk04052,11,20138062,8.336e-01,0.079
fk04053,11,20805213,6.017e-01,0.221
fk04054,11,20852869,2.718e-01,0.566
fk04055,11,21253513,4.241e-01,0.373
fk04056,11,21680998,2.430e-01,0.614
fk04057,11,22103718,4.978e-01,0.303
fk04058,11,23078141,4.091e-01,0.388
fk04059,11,24319498,9.256e-01,0.034
fk04060,11,24370691,6.400e-01,0.194
fk04061,11,24410624,6.366e-01,0.196
fk04062,11,25120580,5.994e-01,0.222
fk04063,11,25315631,1.749e-01,0.757
fk04064,11,25574537,5.220e-01,0.282
fk04065,11,26166994,2.152e-01,0.667
fk04066,11,26368695,1.526e-01,0.816
fk04067,11,26801920,7.145e-01,0.146
fk04068,11,28152490,5.322e-01,0.274
fk04069,11,28328093,1.676e-01,0.776
fk04070,11,28816444,9.812e-01,0.008
fk04071,11,29021997,8.901e-01,0.051
fk04072,11,29527410,4.824e-01,0.317
fk04073,11,30041861,6.833e-02,1.165
fk04074,11,30090106,9.422e-01,0.026
fk04075,11,31622695,5.608e-01,0.251
fk04076,11,32822009,1.341e-01,0.873
fk04077,11,33232665,6.872e-01,0.163
fk04078,11,33647201,3.401e-01,0.468
fk04079,11,33717331,6.675e-01,0.176
fk04080,11,35170203,3.405e-01,0.468
fk04081,11,35406731,3.609e-02,1.443
fk04082,11,36075748,6.412e-01,0.193
fk04083,11,36830986,1.463e-01,0.835
fk04084,11,36886455,4.111e-01,0.386
fk04085,11,37151226,4.113e-01,0.386
fk04086,11,37362604,1.348e-01,0.870
fk04087,11,38276130,6.635e-01,0.178
fk04088,11,38727528,1.962e-01,0.707
fk04089,11,38836582,5.641e-01,0.249
fk04090,11,39338279,5.570e-01,0.254
fk04091,11,39415438,1.349e-01,0.870
fk04092,11,39858098,9.185e-01,0.037
fk04093,11,39887345,8.645e-01,0.063
fk04094,11,40183737,1.611e-01,0.793
fk04095,11,40800846,8.353e-01,0.078
fk04096,11,41355488,9.475e-01,0.023
fk04097,11,41483576,1.558e-01,0.807
fk04098,11,42216710,7.730e-01,0.112
fk04099,11,43038175,2.659e-01,0.575
fk04100,11,43207323,4.248e-01,0.372
fk04101,11,43712461,2.265e-01,0.645
fk04102,11,44263948,7.873e-01,0.104
fk04103,11,44583515,7.916e-01,0.101
fk04104,11,44598340,8.263e-01,0.083
fk04105,11,44938245,5.574e-01,0.254
fk04106,11,45194199,9.205e-01,0.036
fk04107,11,45216760,2.577e-01,0.589
fk04108,11,45432068,8.956e-01,0.048
fk04109,11,46249057,1.778e-01,0.750
fk04110,11,46579557,2.043e-01,0.690
fk04111,11,46690434,9.923e-01,0.003
fk04112,11,47186310,3.376e-02,1.472
fk04113,11,47260469,4.780e-01,0.321
fk04114,11,47279991,6.362e-01,0.196
fk04115,11,47417033,4.706e-01,0.327
fk04116,11,47435751,3.653e-01,0.437
fk04117,11,48378909,9.184e-01,0.037
fk04118,11,48548775,9.645e-01,0.016
fk04119,11,51021774,7.507e-01,0.125
fk04120,11,51048304,3.458e-01,0.461
fk04121,11,51254459,8.421e-01,0.075
fk04122,11,51349751,9.274e-01,0.033
fk04123,11,51696476,9.268e-01,0.033
fk04124,11,52639862,2.330e-01,0.633
fk04125,11,52892597,7.149e-01,0.146
fk04126,11,52904284,4.999e-01,0.301
fk04127,11,53149663,2.398e-02,1.620
fk04128,11,53260740,7.157e-01,0.145
fk04129,11,53483497,2.916e-01,0.535
fk04130,11,53515399,6.073e-01,0.217
fk04131,11,54567750,6.920e-01,0.160
fk04132,11,54952944,6.884e-01,0.162
fk04133,11,55529722,4.970e-01,0.304
fk04134,11,55692625,1.567e-01,0.805
fk04135,11,55851488,7.288e-01,0.137
fk04136,11,56001064,6.223e-01,0.206
fk04137,11,56620042,5.903e-02,1.229
fk04138,11,57020451,2.267e-01,0.645
fk04139,11,57060193,4.698e-01,0.328
fk04140,11,57356701,7.434e-01,0.129
fk04141,11,58415800,5.455e-01,0.263
fk04142,11,58426038,9.434e-01,0.025
fk04143,11,58433550,4.779e-01,0.321
fk04144,11,58952627,4.486e-01,0.348
fk04145,11,60758685,2.182e-02,1.661
fk04146,11,60940397,7.245e-01,0.140
fk04147,11,61303208,4.386e-01,0.358
fk04148,11,62036181,1.411e-01,0.850
fk04149,11,62375968,8.593e-02,1.066
fk04150,11,62899247,1.129e-01,0.947
fk04151,11,63540582,6.428e-01,0.192
fk04152,11,63606608,6.524e-01,0.185
fk04153,11,63754929,2.703e-01,0.568
fk04154,11,64140229,8.315e-01,0.080
fk04155,11,64378998,8.037e-01,0.095
fk04156,11,65037701,5.527e-02,1.258
fk04157,11,65098303,5.002e-01,0.301
fk04158,11,65296429,4.368e-03,2.360
fk04159,11,65560440,1.157e-01,0.937
fk04160,11,65651950,1.790e-01,0.747
fk04161,11,66102522,5.327e-01,0.274
fk04162,11,66254374,9.231e-01,0.035
fk04163,11,67452129,5.708e-01,0.244
fk04164,11,68464069,4.673e-01,0.330
fk04165,11,68511021,5.359e-01,0.271
fk04166,11,70089096,9.166e-01,0.038
fk04167,11,70271449,6.543e-01,0.184
fk04168,11,70437107,6.757e-01,0.170
fk04169,11,70966891,5.034e-01,0.298
fk04170,11,71090084,3.055e-01,0.515
fk04171,11,71245369,1.555e-01,0.808
fk04172,11,71370694,2.318e-01,0.635
fk04173,11,71520356,3.316e-01,0.479
fk04174,11,71552112,6.079e-01,0.216
fk04175,11,71834613,3.567e-01,0.448
fk04176,11,72311795,8.498e-01,0.071
fk04177,11,72329515,1.696e-01,0.771
fk04178,11,72379471,7.497e-02,1.125
fk04179,11,72935241,6.880e-01,0.162
fk04180,11,74024048,8.643e-01,0.063
fk04181,11,75871674,3.142e-01,0.503
fk04182,11,76033687,3.956e-01,0.403
fk04183,11,76161269,2.195e-03,2.659
fk04184,11,76624791,3.175e-01,0.498
fk04185,11,77218368,3.055e-02,1.515
fk04186,11,77406773,4.779e-02,1.321
fk04187,11,77594437,4.917e-01,0.308
fk04188,11,77936635,7.142e-01,0.146
fk04189,11,78051328,8.993e-01,0.046
fk04190,11,78103240,4.840e-01,0.315
fk04191,11,78441736,6.253e-02,1.204
fk04192,11,78448647,2.498e-01,0.602
fk04193,11,78568246,5.764e-01,0.239
fk04194,11,78844088,7.599e-01,0.119
fk04195,11,79015395,3.894e-01,0.410
fk04196,11,79293063,5.673e-01,0.246
fk04197,11,79360743,5.190e-02,1.285
fk04198,11,79483089,2.573e-02,1.590
fk04199,11,79715929,6.409e-01,0.193
fk04200,11,80728963,7.998e-01,0.097
fk04201,11,81206536,8.942e-01,0.049
fk04202,11,81436085,3.700e-01,0.432
fk04203,11,81946733,4.040e-01,0.394
fk04204,11,82379580,4.658e-01,0.332
fk04205,11,82426249,3.686e-01,0.433
fk04206,11,82832480,2.232e-01,0.651
fk04207,11,82976298,1.014e-01,0.994
fk04208,11,82998165,2.387e-01,0.622
fk04209,11,83318492,4.822e-01,0.317
fk04210,11,84449370,2.976e-01,0.526
fk04211,11,84960885,4.411e-01,0.355
fk04212,11,86022000,8.740e-01,0.058
fk04213,11,86080899,8.057e-02,1.094
fk04214,11,87189239,7.460e-01,0.127
fk04215,11,87526366,3.375e-01,0.472
fk04216,11,88022384,7.201e-01,0.143
fk04217,11,88183461,2.163e-01,0.665
fk04218,11,88205183,1.016e-01,0.993
fk04219,11,88224507,6.896e-02,1.161
fk04220,11,88246186,3.516e-02,1.454
fk04221,11,88289007,1.314e-03,2.881
fk04222,11,88293803,1.971e-03,2.705
fk04223,11,88297790,2.234e-03,2.651
fk04224,11,88311855,2.339e-04,3.631
fk04225,11,88363523,3.771e-06,5.424
fk04226,11,88367954,2.968e-06,5.528
fk04227,11,88388141,3.047e-06,5.516
fk04228,11,88388641,3.828e-06,5.417
fk04229,11,88398751,2.356e-06,5.628
fk04230,11,88432880,2.251e-08,7.648
fk04231,11,88462127,4.717e-08,7.326
fk04232,11,88468093,1.312e-08,7.882
fk04233,11,88469611,2.250e-09,8.648
fk04234,11,88492659,6.145e-08,7.211
fk04235,11,88498164,2.026e-09,8.693
fk04236,11,88498492,5.770e-09,8.239
fk04237,11,88499659,4.266e-08,7.370
fk04238,11,88509693,6.607e-09,8.180
fk04239,11,88513293,3.930e-09,8.406
fk04240,11,88515461,6.030e-09,8.220
fk04241,11,88519551,2.830e-08,7.548
fk04242,11,88539253,2.994e-08,7.524
fk04243,11,88541542,6.363e-08,7.196
fk04244,11,88552876,2.465e-08,7.608
fk04245,11,88559760,1.786e-07,6.748
fk04246,11,88589431,1.895e-07,6.722
fk04247,11,88593031,1.229e-07,6.910
fk04248,11,88593063,4.817e-07,6.317
fk04249,11,88600675,2.068e-07,6.684
fk04250,11,88611339,3.011e-07,6.521
fk04251,11,88615005,4.673e-07,6.330
fk04252,11,88624516,6.758e-06,5.170
fk04253,11,88629723,1.271e-05,4.896
fk04254,11,88646096,1.351e-05,4.869
fk04255,11,88669446,2.055e-04,3.687
fk04256,11,88733500,1.432e-02,1.844
fk04257,11,88764637,5.392e-02,1.268
fk04258,11,88855701,2.742e-02,1.562
fk04259,11,89878248,6.060e-01,0.218
fk04260,11,91098996,5.458e-01,0.263
fk04261,11,91238680,4.414e-01,0.355
fk04262,11,92002313,3.343e-01,0.476
fk04263,11,92224581,1.838e-01,0.736
fk04264,11,92585379,1.340e-02,1.873
fk04265,11,93009296,7.843e-01,0.106
fk04266,11,93017420,5.767e-01,0.239
fk04267,11,94091650,6.316e-01,0.200
fk04268,11,94258683,4.663e-01,0.331
fk04269,11,94422874,6.402e-01,0.194
fk04270,11,94965403,4.140e-01,0.383
fk04271,11,96223170,5.168e-01,0.287
fk04272,11,96970336,4.932e-01,0.307
fk04273,11,98547107,8.067e-01,0.093
fk04274,11,99017113,9.044e-02,1.044
fk04275,11,99372665,8.992e-01,0.046
fk04276,11,99732841,4.993e-01,0.302
fk04277,11,101283937,4.241e-01,0.373
fk04278,11,101588153,5.972e-01,0.224
fk04279,11,101910844,5.792e-01,0.237
fk04280,11,102473718,9.381e-01,0.028
fk04281,11,102626529,9.655e-01,0.015
fk04282,11,103337769,9.227e-01,0.035
fk04283,11,104128287,1.371e-01,0.863
fk04284,11,104339142,1.600e-01,0.796
fk04285,11,104712627,6.544e-01,0.184
fk04286,11,105005711,8.188e-01,0.087
fk04287,11,105480423,8.801e-02,1.055
fk04288,11,106017864,4.487e-01,0.348
fk04289,11,106808188,7.584e-01,0.120
fk04290,11,107316303,3.813e-01,0.419
fk04291,11,107399304,9.238e-03,2.034
fk04292,11,107495475,6.486e-02,1.188
fk04293,11,108304938,1.953e-01,0.709
fk04294,11,108423504,4.229e-01,0.374
fk04295,11,108644308,9.738e-01,0.012
fk04296,11,109264321,5.938e-02,1.226
fk04297,11,109588286,6.511e-01,0.186
fk04298,11,111286142,5.945e-01,0.226
fk04299,11,111801685,2.466e-01,0.608
fk04300,11,111844662,3.581e-01,0.446
fk04301,11,112397770,1.149e-02,1.940
fk04302,11,112528279,8.497e-01,0.071
fk04303,11,113292679,4.425e-01,0.354
fk04304,11,113640407,1.071e-01,0.970
fk04305,11,114426279,3.189e-01,0.496
fk04306,11,114571089,4.845e-01,0.315
fk04307,11,114735521,9.859e-01,0.006
fk04308,11,114921495,4.000e-01,0.398
fk04309,11,115185154,3.829e-01,0.417
fk04310,11,115276665,7.681e-01,0.115
fk04311,11,115430608,1.082e-02,1.966
fk04312,11,115584579,3.266e-02,1.486
fk04313,11,115589822,8.788e-01,0.056
fk04314,11,115627500,1.034e-01,0.985
fk04315,11,116780252,1.774e-01,0.751
fk04316,11,117730220,7.985e-01,0.098
fk04317,11,118837542,8.738e-01,0.059
fk04318,11,118961533,6.748e-01,0.171
fk04319,11,118989668,4.411e-01,0.355
fk04320,11,119341582,9.355e-01,0.029
fk04321,11,119401578,3.656e-01,0.437
fk04322,11,119913459,1.948e-01,0.710
fk04323,11,121088938,3.782e-01,0.422
fk04324,11,121166190,8.634e-01,0.064
fk04325,11,122835686,6.654e-01,0.177
fk04326,11,123449884,2.437e-01,0.613
fk04327,11,123481778,9.313e-02,1.031
fk04328,11,123585795,7.269e-01,0.139
fk04329,11,123595404,4.790e-01,0.320
fk04330,11,123776232,7.829e-01,0.106
fk04331,11,124028436,1.056e-01,0.976
fk04332,11,124851236,6.462e-01,0.190
fk04333,11,125032187,1.758e-01,0.755
fk04334,11,125308704,4.194e-01,0.377
fk04335,11,126087757,9.757e-01,0.011
fk04336,11,126711162,1.347e-01,0.871
fk04337,11,126917064,6.471e-01,0.189
fk04338,11,127009953,3.475e-01,0.459
fk04339,11,127276988,4.140e-01,0.383
fk04340,11,127547839,4.631e-02,1.334
fk04341,11,127737252,1.470e-01,0.833
fk04342,11,128813632,1.041e-01,0.983
fk04343,11,130086652,9.503e-02,1.022
fk04344,11,134156306,2.765e-01,0.558
fk04345,11,134398385,9.843e-01,0.007
fk04346,11,134830312,7.934e-01,0.101
fk04347,12,172575,8.753e-01,0.058
fk04348,12,576719,9.738e-02,1.012
fk04349,12,620955,1.938e-01,0.713
fk04350,12,628531,2.966e-01,0.528
fk04351,12,669475,8.770e-01,0.057
fk04352,12,1211144,2.262e-01,0.646
fk04353,12,1593604,3.117e-01,0.506
fk04354,12,1618734,3.214e-01,0.493
fk04355,12,1638243,6.403e-01,0.194
fk04356,12,1656609,2.531e-01,0.597
fk04357,12,2426447,9.454e-01,0.024
fk04358,12,2724024,1.195e-01,0.923
fk04359,12,3756196,9.759e-01,0.011
fk04360,12,4263901,1.699e-01,0.770
fk04361,12,4381248,1.348e-01,0.870
fk04362,12,4614310,4.630e-01,0.334
fk04363,12,5067854,4.631e-01,0.334
fk04364,12,5356526,8.643e-01,0.063
fk04365,12,5535851,2.713e-01,0.567
fk04366,12,5616465,9.486e-01,0.023
fk04367,12,5744513,7.322e-01,0.135
fk04368,12,5911456,4.853e-02,1.314
fk04369,12,6250194,8.094e-01,0.092
fk04370,12,6281931,1.021e-01,0.991
fk04371,12,6705287,2.286e-01,0.641
fk04372,12,8066668,9.114e-01,0.040
fk04373,12,8956105,8.366e-01,0.077
fk04374,12,9165601,2.618e-01,0.582
fk04375,12,9504679,5.821e-01,0.235
fk04376,12,9606671,9.892e-01,0.005
fk04377,12,9713735,1.240e-01,0.907
fk04378,12,9737897,1.369e-01,0.864
fk04379,12,9742705,2.296e-01,0.639
fk04380,12,10084265,2.836e-01,0.547
fk04381,12,10095124,8.548e-01,0.068
fk04382,12,11208280,5.581e-01,0.253
fk04383,12,11262336,2.224e-01,0.653
fk04384,12,11325752,5.177e-01,0.286
fk04385,12,11398754,1.785e-01,0.748
fk04386,12,12763938,2.162e-01,0.665
fk04387,12,12836410,2.252e-01,0.647
fk04388,12,12862374,9.315e-01,0.031
fk04389,12,13106717,8.525e-01,0.069
fk04390,12,14095045,6.378e-01,0.195
fk04391,12,14446432,5.706e-01,0.244
fk04392,12,14521461,3.972e-01,0.401
fk04393,12,15015313,8.354e-01,0.078
fk04394,12,15090023,6.039e-02,1.219
fk04395,12,15260292,1.903e-01,0.721
fk04396,12,15788321,7.259e-01,0.139
fk04397,12,16640773,1.997e-01,0.700
fk04398,12,16816012,5.192e-01,0.285
fk04399,12,17481728,8.725e-01,0.059
fk04400,12,17709145,3.811e-01,0.419
fk04401,12,18421403,1.193e-01,0.923
fk04402,12,19108703,3.941e-01,0.404
fk04403,12,19474031,8.430e-01,0.074
fk04404,12,20250491,4.445e-01,0.352
fk04405,12,20330810,6.582e-01,0.182
fk04406,12,20496141,7.265e-01,0.139
fk04407,12,20541778,7.245e-01,0.140
fk04408,12,20716857,8.871e-01,0.052
fk04409,12,21339449,7.210e-01,0.142
fk04410,12,21390874,4.471e-01,0.350
fk04411,12,21435091,4.861e-01,0.313
fk04412,12,22614468,9.211e-01,0.036
fk04413,12,22872929,5.060e-02,1.296
fk04414,12,23487636,7.228e-01,0.141
fk04415,12,24675188,1.697e-01,0.770
fk04416,12,26009984,4.054e-01,0.392
fk04417,12,27166884,3.480e-01,0.458
fk04418,12,28125583,1.086e-01,0.964
fk04419,12,28523200,3.126e-01,0.505
fk04420,12,28945705,2.227e-01,0.652
fk04421,12,28953117,2.249e-01,0.648
fk04422,12,29660666,1.324e-01,0.878
fk04423,12,29665289,7.480e-01,0.126
fk04424,12,30732087,6.157e-01,0.211
fk04425,12,30976183,9.872e-01,0.006
fk04426,12,31585817,2.334e-01,0.632
fk04427,12,32199150,6.905e-01,0.161
fk04428,12,32384066,3.111e-02,1.507
fk04429,12,33124254,6.081e-01,0.216
fk04430,12,33825202,5.216e-01,0.283
fk04431,12,33953799,1.659e-01,0.780
fk04432,12,34977940,1.758e-01,0.755
fk04433,12,35651762,6.252e-04,3.204
fk04434,12,36810385,2.487e-01,0.604
fk04435,12,37700252,1.065e-01,0.973
fk04436,12,37738771,3.118e-01,0.506
fk04437,12,38017392,2.350e-01,0.629
fk04438,12,38119611,5.141e-01,0.289
fk04439,12,38129678,3.899e-01,0.409
fk04440,12,38389484,5.098e-01,0.293
fk04441,12,38796635,5.439e-01,0.264
fk04442,12,39082858,9.959e-01,0.002
fk04443,12,39380042,1.549e-01,0.810
fk04444,12,39599067,2.790e-01,0.554
fk04445,12,39663300,9.010e-03,2.045
fk04446,12,40010529,6.909e-01,0.161
fk04447,12,40491624,9.998e-01,0.000
fk04448,12,40558553,8.573e-01,0.067
fk04449,12,42773535,5.863e-02,1.232
fk04450,12,42959568,2.210e-01,0.656
fk04451,12,42967000,5.198e-01,0.284
fk04452,12,44044289,3.722e-01,0.429
fk04453,12,44094866,3.465e-01,0.460
fk04454,12,44192264,8.010e-01,0.096
fk04455,12,44495664,3.432e-01,0.464
fk04456,12,44844707,2.090e-01,0.680
fk04457,12,45110228,3.517e-01,0.454
fk04458,12,45522221,9.740e-01,0.011
fk04459,12,45832576,2.458e-01,0.609
fk04460,12,47303061,6.502e-01,0.187
fk04461,12,48275786,6.275e-01,0.202
fk04462,12,49037108,2.765e-01,0.558
fk04463,12,49254305,5.338e-01,0.273
fk04464,12,50444337,8.571e-01,0.067
fk04465,12,50895453,7.760e-01,0.110
fk04466,12,50927002,7.493e-01,0.125
fk04467,12,51938104,6.447e-02,1.191
fk04468,12,52060140,2.225e-01,0.653
fk04469,12,52289288,1.651e-01,0.782
fk04470,12,52459310,1.053e-01,0.978
fk04471,12,52747120,6.579e-01,0.182
fk04472,12,52859875,2.566e-01,0.591
fk04473,12,53140214,7.555e-01,0.122
fk04474,12,53656410,5.564e-01,0.255
fk04475,12,53922604,4.958e-01,0.305
fk04476,12,54381296,4.976e-01,0.303
fk04477,12,55639873,2.747e-01,0.561
fk04478,12,55811946,6.913e-01,0.160
fk04479,12,56086308,9.747e-01,0.011
fk04480,12,56365716,3.035e-01,0.518
fk04481,12,56919858,1.447e-01,0.840
fk04482,12,56980651,5.434e-01,0.265
fk04483,12,57017195,7.097e-01,0.149
fk04484,12,57144203,1.296e-01,0.887
fk04485,12,57181208,1.629e-01,0.788
fk04486,12,57593200,4.130e-01,0.384
fk04487,12,57706299,2.998e-01,0.523
fk04488,12,57837453,7.372e-01,0.132
fk04489,12,58422772,1.947e-01,0.711
fk04490,12,58654229,9.465e-01,0.024
fk04491,12,58856245,8.706e-01,0.060
fk04492,12,59296446,2.164e-01,0.665
fk04493,12,60935123,1.008e-01,0.997
fk04494,12,61311174,2.661e-01,0.575
fk04495,12,61339026,8.326e-01,0.080
fk04496,12,61446212,6.616e-01,0.179
fk04497,12,62286246,3.707e-01,0.431
fk04498,12,62725724,9.835e-01,0.007
fk04499,12,62747540,9.678e-01,0.014
fk04500,12,63074984,8.476e-01,0.072
fk04501,12,63136851,9.427e-01,0.026
fk04502,12,65835680,3.795e-01,0.421
fk04503,12,66014108,4.445e-01,0.352
fk04504,12,66036056,9.969e-01,0.001
fk04505,12,66409451,2.057e-01,0.687
fk04506,12,66595903,3.298e-02,1.482
fk04507,12,67634067,5.239e-01,0.281
fk04508,12,67708264,7.252e-01,0.140
fk04509,12,67902393,1.563e-01,0.806
fk04510,12,69747120,7.092e-01,0.149
fk04511,12,70378445,5.942e-02,1.226
fk04512,12,70385141,8.758e-01,0.058
fk04513,12,71012573,3.771e-01,0.424
fk04514,12,71252818,4.043e-01,0.393
fk04515,12,71967391,1.709e-01,0.767
fk04516,12,72626485,7.949e-01,0.100
fk04517,12,72779401,4.204e-02,1.376
fk04518,12,72847466,9.449e-01,0.025
fk04519,12,73263273,9.547e-01,0.020
fk04520,12,73284571,8.194e-01,0.087
fk04521,12,73323862,2.795e-01,0.554
fk04522,12,74077111,5.191e-01,0.285
fk04523,12,74255326,7.389e-01,0.131
fk04524,12,75111242,4.842e-01,0.315
fk04525,12,75609702,6.032e-01,0.220
fk04526,12,75722531,3.536e-01,0.451
fk04527,12,76567607,1.845e-01,0.734
fk04528,12,77551327,4.017e-01,0.396
fk04529,12,78145425,9.825e-01,0.008
fk04530,12,78792421,5.682e-01,0.245
fk04531,12,78837273,1.817e-01,0.741
fk04532,12,78885676,4.495e-03,2.347
fk04533,12,79849614,4.946e-01,0.306
fk04534,12,79912063,3.775e-01,0.423
fk04535,12,80110644,9.708e-01,0.013
fk04536,12,80323991,2.717e-02,1.566
fk04537,12,80352691,7.641e-01,0.117
fk04538,12,80551749,9.067e-01,0.043
fk04539,12,80922735,4.164e-01,0.380
fk04540,12,81436891,2.308e-01,0.637
fk04541,12,81567643,2.334e-01,0.632
fk04542,12,82176663,9.250e-01,0.034
fk04543,12,82413728,9.919e-01,0.004
fk04544,12,82620325,4.655e-01,0.332
fk04545,12,83400765,5.377e-01,0.269
fk04546,12,83871128,3.005e-01,0.522
fk04547,12,84207075,3.637e-01,0.439
fk04548,12,84507950,1.546e-01,0.811
fk04549,12,85045337,9.454e-01,0.024
fk04550,12,85173078,3.369e-01,0.472
fk04551,12,85506448,7.128e-01,0.147
fk04552,12,86122462,4.725e-01,0.326
fk04553,12,87530154,8.045e-01,0.094
fk04554,12,87667263,6.008e-01,0.221
fk04555,12,87974072,3.493e-01,0.457
fk04556,12,88410366,7.865e-01,0.104
fk04557,12,89995315,1.791e-01,0.747
fk04558,12,90354186,4.122e-01,0.385
fk04559,12,90890968,4.710e-02,1.327
fk04560,12,91452404,4.770e-02,1.321
fk04561,12,92291335,4.836e-01,0.316
fk04562,12,93628982,3.859e-01,0.414
fk04563,12,93929892,1.400e-01,0.854
fk04564,12,94005581,5.106e-01,0.292
fk04565,12,95634992,5.519e-01,0.258
fk04566,12,95645730,4.094e-01,0.388
fk04567,12,96442594,6.760e-01,0.170
fk04568,12,96735310,1.747e-01,0.758
fk04569,12,97600523,7.683e-01,0.114
fk04570,12,97609713,3.474e-01,0.459
fk04571,12,98035806,9.156e-01,0.038
fk04572,12,98179714,6.942e-02,1.159
fk04573,12,98279442,5.105e-01,0.292
fk04574,12,98723925,9.820e-01,0.008
fk04575,12,99687858,8.821e-01,0.054
fk04576,12,99863309,4.201e-01,0.377
fk04577,12,100423401,1.425e-02,1.846
fk04578,12,101161051,3.696e-01,0.432
fk04579,12,101613431,5.174e-01,0.286
fk04580,12,101638976,3.101e-01,0.508
fk04581,12,102259847,5.517e-02,1.258
fk04582,12,103381876,5.023e-01,0.299
fk04583,12,103586991,4.241e-01,0.373
fk04584,12,104330495,9.878e-01,0.005
fk04585,12,104901236,9.893e-01,0.005
fk04586,12,105619893,6.249e-01,0.204
fk04587,12,105758229,8.948e-01,0.048
fk04588,12,106523222,1.143e-01,0.942
fk04589,12,107384827,5.296e-01,0.276
fk04590,12,107512468,8.016e-01,0.096
fk04591,12,109207323,4.813e-01,0.318
fk04592,12,109595730,9.239e-01,0.034
fk04593,12,109863537,6.151e-01,0.211
fk04594,12,110956529,3.780e-01,0.423
fk04595,12,110987073,2.905e-01,0.537
fk04596,12,111445983,3.474e-02,1.459
fk04597,12,112749817,2.879e-01,0.541
fk04598,12,112838775,7.894e-01,0.103
fk04599,12,113327123,4.838e-01,0.315
fk04600,12,114076095,9.725e-01,0.012
fk04601,12,114780659,8.042e-01,0.095
fk04602,12,115249254,7.435e-01,0.129
fk04603,12,116525511,7.464e-01,0.127
fk04604,12,117161643,7.089e-01,0.149
fk04605,12,118640447,9.924e-01,0.003
fk04606,12,118886279,3.926e-02,1.406
fk04607,12,119344634,8.720e-02,1.059
fk04608,12,119697528,5.616e-01,0.251
fk04609,12,119964314,9.867e-01,0.006
fk04610,12,120758314,2.143e-01,0.669
fk04611,12,122117829,2.864e-01,0.543
fk04612,12,123535524,2.619e-01,0.582
fk04613,12,124158502,8.168e-01,0.088
fk04614,12,124198465,2.050e-01,0.688
fk04615,12,124225323,9.024e-01,0.045
fk04616,12,124956698,1.395e-01,0.855
fk04617,12,125409458,2.814e-01,0.551
fk04618,12,125999865,2.094e-01,0.679
fk04619,12,126012997,4.127e-01,0.384
fk04620,12,126291440,6.451e-01,0.190
fk04621,12,126310305,2.900e-02,1.538
fk04622,12,127413350,1.759e-01,0.755
fk04623,12,127420795,5.225e-01,0.282
fk04624,12,127512346,6.832e-01,0.165
fk04625,12,127816072,5.837e-01,0.234
fk04626,12,129175749,2.534e-01,0.596
fk04627,12,129411313,2.168e-01,0.664
fk04628,12,129848967,4.912e-01,0.309
fk04629,12,129930160,2.073e-01,0.683
fk04630,12,129942802,4.556e-01,0.341
fk04631,12,130023578,1.689e-01,0.772
fk04632,12,130104470,3.899e-01,0.409
fk04633,12,130514579,1.601e-01,0.796
fk04634,12,131001863,3.274e-01,0.485
fk04635,12,131645427,4.412e-01,0.355
fk04636,12,131730330,5.062e-01,0.296
fk04637,12,131833046,2.392e-01,0.621
fk04638,12,132283280,8.767e-01,0.057
fk04639,13,142545,2.610e-01,0.583
fk04640,13,272551,3.049e-01,0.516
fk04641,13,828159,8.887e-01,0.051
fk04642,13,1016315,3.269e-02,1.486
fk04643,13,1438130,9.165e-01,0.038
fk04644,13,2402787,2.400e-01,0.620
fk04645,13,2883363,4.414e-02,1.355
fk04646,13,3441436,8.289e-01,0.081
fk04647,13,3615219,8.356e-01,0.078
fk04648,13,3896020,4.465e-01,0.350
fk04649,13,4031395,5.181e-01,0.286
fk04650,13,4368668,5.705e-01,0.244
fk04651,13,5176172,2.389e-01,0.622
fk04652,13,6132774,1.396e-01,0.855
fk04653,13,8055176,9.453e-01,0.024
fk04654,13,8287714,3.013e-01,0.521
fk04655,13,10340792,5.610e-02,1.251
fk04656,13,11043516,2.552e-01,0.593
fk04657,13,11207352,4.637e-01,0.334
fk04658,13,11422806,4.240e-01,0.373
fk04659,13,11961295,2.602e-02,1.585
fk04660,13,12057490,1.119e-01,0.951
fk04661,13,12057883,8.284e-01,0.082
fk04662,13,12989115,5.837e-01,0.234
fk04663,13,13703341,6.860e-01,0.164
fk04664,13,13934193,4.434e-01,0.353
fk04665,13,14078963,5.755e-01,0.240
fk04666,13,14161604,4.198e-01,0.377
fk04667,13,14267583,1.956e-01,0.709
fk04668,13,14407347,1.109e-01,0.955
fk04669,13,14966777,7.210e-01,0.142
fk04670,13,15443842,9.483e-01,0.023
fk04671,13,16573721,7.532e-01,0.123
fk04672,13,16915610,9.863e-01,0.006
fk04673,13,17902571,3.637e-01,0.439
fk04674,13,18417670,9.669e-01,0.015
fk04675,13,18460059,2.517e-01,0.599
fk04676,13,19498622,9.348e-01,0.029
fk04677,13,20682164,8.345e-01,0.079
fk04678,13,20705418,2.308e-01,0.637
fk04679,13,20871631,6.374e-01,0.196
fk04680,13,21205673,9.664e-01,0.015
fk04681,13,21390873,6.586e-01,0.181
fk04682,13,22124179,9.138e-01,0.039
fk04683,13,23029581,5.958e-01,0.225
fk04684,13,23242561,3.950e-01,0.403
fk04685,13,23663763,3.666e-01,0.436
fk04686,13,24504944,3.788e-01,0.422
fk04687,13,24749237,8.124e-01,0.090
fk04688,13,25250976,5.750e-01,0.240
fk04689,13,25540224,2.121e-01,0.673
fk04690,13,25817385,6.904e-01,0.161
fk04691,13,26545731,9.015e-02,1.045
fk04692,13,26665209,1.930e-02,1.714
fk04693,13,27217746,7.620e-01,0.118
fk04694,13,27252128,9.141e-01,0.039
fk04695,13,27270983,5.746e-01,0.241
fk04696,13,28413759,3.801e-01,0.420
fk04697,13,28688688,2.996e-01,0.523
fk04698,13,29338869,6.512e-01,0.186
fk04699,13,30078753,9.545e-01,0.020
fk04700,13,30172814,4.170e-03,2.380
fk04701,13,30623715,6.251e-01,0.204
fk04702,13,31150349,9.720e-01,0.012
fk04703,13,32070503,9.738e-01,0.012
fk04704,13,33200585,9.406e-01,0.027
fk04705,13,33700611,5.437e-02,1.265
fk04706,13,33903201,6.794e-01,0.168
fk04707,13,33912224,9.623e-01,0.017
fk04708,13,34383926,4.104e-01,0.387
fk04709,13,34810725,1.369e-01,0.864
fk04710,13,34972293,7.291e-01,0.137
fk04711,13,35262193,8.177e-01,0.087
fk04712,13,35339249,8.616e-01,0.065
fk04713,13,35745800,7.351e-01,0.134
fk04714,13,36621058,1.136e-01,0.945
fk04715,13,36841786,4.385e-01,0.358
fk04716,13,37365015,8.822e-01,0.054
fk04717,13,37376722,1.073e-01,0.969
fk04718,13,37703016,4.076e-01,0.390
fk04719,13,37833090,7.085e-01,0.150
fk04720,13,38368027,5.524e-01,0.258
fk04721,13,38419944,9.136e-01,0.039
fk04722,13,38661476,9.571e-01,0.019
fk04723,13,39201822,4.334e-01,0.363
fk04724,13,39372052,3.061e-01,0.514
fk04725,13,39496702,6.997e-01,0.155
fk04726,13,40060032,7.468e-01,0.127
fk04727,13,40344178,3.062e-01,0.514
fk04728,13,40388652,5.366e-01,0.270
fk04729,13,40708351,2.742e-01,0.562
fk04730,13,40828302,9.802e-01,0.009
fk04731,13,41115615,5.220e-01,0.282
fk04732,13,41428971,7.596e-01,0.119
fk04733,13,41509512,5.819e-02,1.235
fk04734,13,41764505,1.747e-01,0.758
fk04735,13,42617970,3.034e-01,0.518
fk04736,13,42662978,2.594e-01,0.586
fk04737,13,42913798,6.033e-01,0.219
fk04738,13,43179901,1.421e-02,1.847
fk04739,13,43211766,3.790e-01,0.421
fk04740,13,43443286,7.466e-02,1.127
fk04741,13,44413294,9.332e-01,0.030
fk04742,13,44489545,6.094e-01,0.215
fk04743,13,44698717,1.874e-01,0.727
fk04744,13,44797123,1.973e-02,1.705
fk04745,13,45483672,3.087e-01,0.510
fk04746,13,46390384,7.008e-01,0.154
fk04747,13,46477296,6.446e-02,1.191
fk04748,13,47191791,9.574e-01,0.019
fk04749,13,47682933,1.642e-01,0.785
fk04750,13,48112071,7.891e-01,0.103
fk04751,13,48311346,5.996e-01,0.222
fk04752,13,48439456,4.019e-01,0.396
fk04753,13,48533015,6.134e-01,0.212
fk04754,13,48654872,2.798e-01,0.553
fk04755,13,49607127,3.629e-01,0.440
fk04756,13,49830397,8.184e-01,0.087
fk04757,13,51118227,3.630e-01,0.440
fk04758,13,51382393,7.323e-01,0.135
fk04759,13,51587307,2.933e-01,0.533
fk04760,13,51902434,5.888e-01,0.230
fk04761,13,52196053,3.913e-01,0.407
fk04762,13,52211664,5.014e-01,0.300
fk04763,13,53582828,2.471e-01,0.607
fk04764,13,54305484,9.525e-01,0.021
fk04765,13,54396357,8.258e-01,0.083
fk04766,13,54429986,4.049e-01,0.393
fk04767,13,54782621,6.882e-01,0.162
fk04768,13,54819984,7.141e-01,0.146
fk04769,13,54987917,7.039e-01,0.152
fk04770,13,55657246,5.415e-01,0.266
fk04771,13,56532837,7.622e-01,0.118
fk04772,13,56885920,8.562e-01,0.067
fk04773,13,57470588,4.134e-02,1.384
fk04774,13,57597435,9.394e-01,0.027
fk04775,13,57721819,2.599e-01,0.585
fk04776,13,57918530,1.321e-01,0.879
fk04777,13,58168230,3.417e-01,0.466
fk04778,13,59157687,1.299e-01,0.886
fk04779,13,59853508,8.520e-01,0.070
fk04780,13,60272660,8.880e-01,0.052
fk04781,13,61565204,3.340e-01,0.476
fk04782,13,61634959,9.154e-01,0.038
fk04783,13,62098607,7.123e-02,1.147
fk04784,13,62311447,6.353e-01,0.197
fk04785,13,62580197,6.700e-02,1.174
fk04786,13,62616592,4.691e-01,0.329
fk04787,13,62914817,2.921e-01,0.534
fk04788,13,63133080,1.486e-01,0.828
fk04789,13,63297465,1.346e-01,0.871
fk04790,13,63518906,6.326e-01,0.199
fk04791,13,63716003,9.839e-01,0.007
fk04792,13,63952906,9.464e-01,0.024
fk04793,13,64171894,3.725e-01,0.429
fk04794,13,64614971,7.884e-01,0.103
fk04795,13,66114302,2.248e-01,0.648
fk04796,13,66448657,2.854e-01,0.545
fk04797,13,66843703,5.179e-01,0.286
fk04798,13,67842682,2.155e-01,0.667
fk04799,13,67880390,9.880e-01,0.005
fk04800,13,68314476,9.552e-01,0.020
fk04801,13,68689771,9.260e-01,0.033
fk04802,13,68786698,1.190e-01,0.924
fk04803,13,68818102,4.273e-01,0.369
fk04804,13,68843659,4.957e-01,0.305
fk04805,13,70394948,4.528e-01,0.344
fk04806,13,70915148,5.554e-01,0.255
fk04807,13,72090018,5.309e-01,0.275
fk04808,13,72887423,5.730e-01,0.242
fk04809,13,74366121,7.280e-01,0.138
fk04810,13,74412244,6.719e-01,0.173
fk04811,13,74499867,8.611e-01,0.065
fk04812,13,74620880,7.269e-02,1.139
fk04813,13,75383689,6.285e-01,0.202
fk04814,13,76315081,5.434e-01,0.265
fk04815,13,76535795,9.009e-01,0.045
fk04816,13,77172978,9.029e-01,0.044
fk04817,13,77273190,3.665e-02,1.436
fk04818,13,77978044,1.311e-01,0.882
fk04819,13,78379827,3.358e-01,0.474
fk04820,13,79131915,5.937e-01,0.226
fk04821,13,79474109,1.793e-01,0.746
fk04822,13,79804105,5.972e-01,0.224
fk04823,13,80098367,3.577e-01,0.446
fk04824,13,80322513,2.936e-01,0.532
fk04825,13,80589126,6.186e-01,0.209
fk04826,13,80811054,2.221e-01,0.653
fk04827,13,81091059,8.190e-01,0.087
fk04828,13,82335870,2.143e-01,0.669
fk04829,13,83100510,3.325e-01,0.478
fk04830,13,83539365,7.592e-01,0.120
fk04831,13,84424024,8.624e-01,0.064
fk04832,13,84462346,7.972e-01,0.098
fk04833,13,85048104,4.186e-01,0.378
fk04834,13,85128586,4.382e-01,0.358
fk04835,13,85427888,6.135e-02,1.212
fk04836,13,86255705,4.864e-01,0.313
fk04837,13,86510999,1.054e-01,0.977
fk04838,13,86968703,4.905e-01,0.309
fk04839,13,87547064,1.426e-01,0.846
fk04840,13,88351785,3.493e-01,0.457
fk04841,13,88752927,2.507e-01,0.601
fk04842,13,89049522,2.615e-01,0.583
fk04843,13,89570801,6.723e-01,0.172
fk04844,13,90522641,6.280e-01,0.202
fk04845,13,91115713,3.514e-01,0.454
fk04846,13,92482178,7.451e-01,0.128
fk04847,13,92736241,6.512e-01,0.186
fk04848,13,92791622,4.236e-02,1.373
fk04849,13,93040157,8.146e-01,0.089
fk04850,13,93595633,8.516e-01,0.070
fk04851,13,94056776,8.619e-02,1.065
fk04852,13,94142951,8.272e-01,0.082
fk04853,13,95430046,7.252e-01,0.140
fk04854,13,96809252,4.530e-01,0.344
fk04855,13,96918901,8.493e-01,0.071
fk04856,13,97226341,1.250e-01,0.903
fk04857,13,97403520,5.115e-01,0.291
fk04858,13,97727934,8.364e-01,0.078
fk04859,13,97776588,8.937e-02,1.049
fk04860,13,98078362,7.243e-01,0.140
fk04861,13,98494530,8.355e-01,0.078
fk04862,13,100780967,7.614e-01,0.118
fk04863,13,101580085,2.568e-01,0.590
fk04864,13,103056005,8.302e-01,0.081
fk04865,13,103131018,2.655e-01,0.576
fk04866,13,104211552,7.291e-01,0.137
fk04867,13,104465829,4.026e-01,0.395
fk04868,13,104528123,4.537e-01,0.343
fk04869,13,104825136,6.630e-01,0.178
fk04870,13,105454712,1.879e-01,0.726
fk04871,13,105817161,1.384e-01,0.859
fk04872,13,106577096,4.134e-02,1.384
fk04873,13,106909478,5.500e-01,0.260
fk04874,13,106974647,5.712e-01,0.243
fk04875,13,107070535,2.765e-01,0.558
fk04876,13,107091333,6.604e-01,0.180
fk04877,13,107112038,5.889e-01,0.230
fk04878,13,107356176,4.517e-01,0.345
fk04879,13,108782057,2.691e-01,0.570
fk04880,13,110974399,1.578e-01,0.802
fk04881,13,111137882,4.094e-01,0.388
fk04882,13,111217727,8.759e-01,0.058
fk04883,13,111697453,2.607e-02,1.584
fk04884,13,112133530,4.696e-02,1.328
fk04885,13,112395931,2.726e-01,0.564
fk04886,13,112400278,6.494e-01,0.187
fk04887,13,112776148,8.998e-01,0.046
fk04888,13,112869153,8.729e-01,0.059
fk04889,14,737636,5.037e-01,0.298
fk04890,14,971078,6.077e-01,0.216
fk04891,14,1031633,1.015e-01,0.994
fk04892,14,1859458,8.771e-03,2.057
fk04893,14,2114740,8.852e-01,0.053
fk04894,14,2948948,9.318e-01,0.031
fk04895,14,3219607,4.156e-01,0.381
fk04896,14,4863233,3.584e-01,0.446
fk04897,14,5056843,8.066e-01,0.093
fk04898,14,5248124,3.786e-01,0.422
fk04899,14,6303242,7.894e-01,0.103
fk04900,14,6317892,9.987e-01,0.001
fk04901,14,7731380,2.927e-02,1.534
fk04902,14,7914427,3.987e-03,2.399
fk04903,14,8158727,8.306e-01,0.081
fk04904,14,8399121,3.559e-01,0.449
fk04905,14,8603693,4.002e-01,0.398
fk04906,14,10413686,1.681e-01,0.774
fk04907,14,10541078,4.905e-01,0.309
fk04908,14,10605968,1.949e-01,0.710
fk04909,14,11494916,6.812e-01,0.167
fk04910,14,11503188,1.072e-01,0.970
fk04911,14,12034651,6.204e-01,0.207
fk04912,14,12353697,9.884e-01,0.005
fk04913,14,12559852,9.908e-01,0.004
fk04914,14,12930334,2.234e-01,0.651
fk04915,14,13825640,6.969e-01,0.157
fk04916,14,13841262,9.760e-01,0.011
fk04917,14,14351027,1.278e-01,0.893
fk04918,14,14542578,2.959e-01,0.529
fk04919,14,15691132,5.794e-01,0.237
fk04920,14,16099458,5.027e-01,0.299
fk04921,14,16332813,9.046e-01,0.044
fk04922,14,16662707,9.721e-01,0.012
fk04923,14,17079415,9.384e-01,0.028
fk04924,14,17394355,7.801e-01,0.108
fk04925,14,17419505,3.274e-01,0.485
fk04926,14,18785189,7.451e-01,0.128
fk04927,14,19768512,6.803e-01,0.167
fk04928,14,20276340,2.880e-01,0.541
fk04929,14,20429348,9.571e-01,0.019
fk04930,14,21091268,7.243e-02,1.140
fk04931,14,21765411,9.738e-02,1.012
fk04932,14,22687724,7.979e-01,0.098
fk04933,14,22806861,3.868e-01,0.413
fk04934,14,23292984,9.552e-01,0.020
fk04935,14,23520707,1.190e-01,0.924
fk04936,14,24042547,9.504e-01,0.022
fk04937,14,24178349,1.069e-01,0.971
fk04938,14,24595629,9.226e-01,0.035
fk04939,14,25191120,9.642e-01,0.016
fk04940,14,25376730,6.332e-01,0.198
fk04941,14,26412462,4.316e-01,0.365
fk04942,14,27285624,3.544e-01,0.451
fk04943,14,28270920,3.798e-01,0.420
fk04944,14,28880247,6.542e-01,0.184
fk04945,14,29049985,2.340e-01,0.631
fk04946,14,29088886,7.572e-02,1.121
fk04947,14,29394913,6.989e-01,0.156
fk04948,14,30751787,5.397e-01,0.268
fk04949,14,31441118,6.953e-01,0.158
fk04950,14,31602734,8.793e-01,0.056
fk04951,14,31836782,8.854e-01,0.053
fk04952,14,31930510,3.248e-01,0.488
fk04953,14,32279486,9.854e-01,0.006
fk04954,14,33123806,7.994e-01,0.097
fk04955,14,33525137,9.969e-01,0.001
fk04956,14,33531138,5.745e-02,1.241
fk04957,14,33569694,5.453e-01,0.263
fk04958,14,33770653,7.037e-01,0.153
fk04959,14,34006291,1.274e-01,0.895
fk04960,14,34496097,8.489e-01,0.071
fk04961,14,34899105,1.423e-01,0.847
fk04962,14,35582177,7.270e-01,0.138
fk04963,14,36083473,9.643e-01,0.016
fk04964,14,36129120,5.472e-01,0.262
fk04965,14,36150626,6.916e-01,0.160
fk04966,14,36648730,3.640e-02,1.439
fk04967,14,36788694,4.350e-01,0.362
fk04968,14,37354637,8.637e-01,0.064
fk04969,14,37719300,5.259e-01,0.279
fk04970,14,38455667,5.121e-01,0.291
fk04971,14,38661890,1.585e-01,0.800
fk04972,14,38767682,1.445e-02,1.840
fk04973,14,39432162,7.080e-01,0.150
fk04974,14,40294423,5.386e-01,0.269
fk04975,14,40974911,4.097e-01,0.388
fk04976,14,40997684,6.937e-01,0.159
fk04977,14,41085443,1.424e-04,3.846
fk04978,14,41492035,9.799e-01,0.009
fk04979,14,41688298,5.267e-01,0.278
fk04980,14,42339322,2.772e-01,0.557
fk04981,14,43073070,6.106e-01,0.214
fk04982,14,43606566,2.951e-01,0.530
fk04983,14,43896673,1.587e-02,1.799
fk04984,14,43908290,6.368e-01,0.196
fk04985,14,44247649,1.585e-01,0.800
fk04986,14,44703031,2.363e-01,0.627
fk04987,14,44843014,8.955e-01,0.048
fk04988,14,44954282,7.232e-01,0.141
fk04989,14,47426414,6.973e-01,0.157
fk04990,14,47701445,4.253e-01,0.371
fk04991,14,47757262,8.531e-01,0.069
fk04992,14,49304602,3.098e-01,0.509
fk04993,14,49608427,7.867e-01,0.104
fk04994,14,49935641,6.910e-01,0.161
fk04995,14,50314935,7.118e-01,0.148
fk04996,14,50507462,9.461e-03,2.024
fk04997,14,53300768,9.603e-01,0.018
fk04998,14,54189851,6.322e-01,0.199
fk04999,14,54800012,4.102e-01,0.387
fk05000,14,55083847,6.733e-01,0.172
fk05001,14,56751129,5.424e-02,1.266
fk05002,14,57126798,7.570e-01,0.121
fk05003,14,57697082,3.145e-01,0.502
fk05004,14,57774903,9.772e-01,0.010
fk05005,14,58674875,6.525e-01,0.185
fk05006,14,58757102,1.885e-03,2.725
fk05007,14,58921850,9.212e-01,0.036
fk05008,14,59568715,9.212e-01,0.036
fk05009,14,59809546,9.411e-01,0.026
fk05010,14,60356325,6.210e-01,0.207
fk05011,14,60917736,2.067e-01,0.685
fk05012,14,61098595,9.581e-01,0.019
fk05013,14,61129051,6.419e-01,0.193
fk05014,14,61541328,5.259e-01,0.279
fk05015,14,62515089,7.024e-01,0.153
fk05016,14,62785565,7.502e-01,0.125
fk05017,14,63821817,5.724e-01,0.242
fk05018,14,64221912,4.956e-01,0.305
fk05019,14,64466757,2.146e-01,0.668
fk05020,14,64567067,6.303e-01,0.200
fk05021,14,64588058,1.879e-01,0.726
fk05022,14,64644977,1.709e-02,1.767
fk05023,14,65270814,8.734e-01,0.059
fk05024,14,66740251,9.301e-01,0.031
fk05025,14,66845094,3.817e-01,0.418
fk05026,14,67201036,5.963e-01,0.225
fk05027,14,67247467,3.051e-01,0.516
fk05028,14,68148765,3.345e-01,0.476
fk05029,14,68838218,5.563e-01,0.255
fk05030,14,69461737,7.978e-01,0.098
fk05031,14,69848857,4.032e-01,0.394
fk05032,14,69887033,3.405e-01,0.468
fk05033,14,71850558,3.223e-01,0.492
fk05034,14,72537289,3.178e-01,0.498
fk05035,14,73178675,5.244e-01,0.280
fk05036,14,73749422,9.459e-01,0.024
fk05037,14,74045972,2.341e-01,0.631
fk05038,14,74121765,5.375e-01,0.270
fk05039,14,74313644,4.151e-02,1.382
fk05040,14,74701794,4.284e-01,0.368
fk05041,14,76155573,1.139e-01,0.943
fk05042,14,76851655,4.580e-01,0.339
fk05043,14,77139600,1.834e-01,0.737
fk05044,14,77474257,3.028e-01,0.519
fk05045,14,77571470,9.174e-01,0.037
fk05046,14,78716131,9.573e-01,0.019
fk05047,14,78783710,2.291e-01,0.640
fk05048,14,78925506,3.633e-01,0.440
fk05049,14,79520959,8.849e-02,1.053
fk05050,14,80290467,4.096e-01,0.388
fk05051,14,80634542,9.198e-01,0.036
fk05052,14,81165712,9.584e-01,0.018
fk05053,14,81737521,3.559e-01,0.449
fk05054,14,82319221,2.143e-01,0.669
fk05055,14,82436353,8.112e-01,0.091
fk05056,14,83012035,5.511e-01,0.259
fk05057,14,83068536,5.400e-01,0.268
fk05058,14,83203482,4.745e-01,0.324
fk05059,14,83420404,1.237e-02,1.908
fk05060,14,83563295,6.952e-01,0.158
fk05061,14,83604519,5.332e-01,0.273
fk05062,14,83759905,9.652e-01,0.015
fk05063,14,84282190,9.507e-01,0.022
fk05064,14,84335634,6.458e-01,0.190
fk05065,14,84375152,8.897e-01,0.051
fk05066,14,84402382,2.650e-01,0.577
fk05067,14,84587881,9.567e-01,0.019
fk05068,14,84870514,5.891e-01,0.230
fk05069,14,85669263,2.974e-01,0.527
fk05070,14,85946649,3.893e-01,0.410
fk05071,14,86039478,3.619e-02,1.441
fk05072,14,87404034,5.525e-01,0.258
fk05073,14,88595661,7.831e-01,0.106
fk05074,14,89609501,9.374e-01,0.028
fk05075,14,89760219,7.580e-01,0.120
fk05076,14,89904037,9.390e-01,0.027
fk05077,14,89957499,3.727e-02,1.429
fk05078,14,90549919,7.685e-01,0.114
fk05079,14,90606746,6.036e-01,0.219
fk05080,14,90621371,4.272e-01,0.369
fk05081,14,91034705,2.278e-01,0.642
fk05082,14,91372482,3.478e-01,0.459
fk05083,14,92426828,7.160e-01,0.145
fk05084,14,92487937,1.832e-01,0.737
fk05085,14,92673995,6.348e-01,0.197
fk05086,14,93194284,9.171e-01,0.038
fk05087,14,93311302,5.829e-01,0.234
fk05088,14,93956907,5.479e-01,0.261
fk05089,14,94181601,3.752e-01,0.426
fk05090,14,94368926,1.744e-01,0.758
fk05091,14,94506084,1.487e-01,0.828
fk05092,14,94974446,4.396e-02,1.357
fk05093,14,95077418,8.988e-01,0.046
fk05094,14,95161774,8.059e-01,0.094
fk05095,14,95352453,6.412e-01,0.193
fk05096,14,96362497,5.629e-03,2.250
fk05097,14,96799944,5.108e-01,0.292
fk05098,14,96924147,2.655e-01,0.576
fk05099,14,97539455,7.212e-01,0.142
fk05100,14,97575921,3.102e-01,0.508
fk05101,14,97639065,6.120e-01,0.213
fk05102,14,98128046,6.579e-01,0.182
fk05103,14,98337036,3.780e-01,0.423
fk05104,14,98577896,9.427e-01,0.026
fk05105,14,98731640,2.698e-01,0.569
fk05106,14,98898947,2.661e-01,0.575
fk05107,14,99109355,2.903e-01,0.537
fk05108,14,99484277,4.450e-01,0.352
fk05109,14,99542998,1.784e-01,0.749
fk05110,14,99824069,3.021e-01,0.520
fk05111,14,100188014,4.470e-01,0.350
fk05112,14,101520498,1.057e-01,0.976
fk05113,14,102090764,3.203e-01,0.494
fk05114,14,102840825,7.015e-01,0.154
fk05115,14,103091424,3.273e-01,0.485
fk05116,14,103616191,4.471e-01,0.350
fk05117,14,103636596,3.994e-02,1.399
fk05118,14,103847454,2.639e-01,0.579
fk05119,14,104087736,7.179e-01,0.144
fk05120,14,104551127,9.460e-03,2.024
fk05121,14,105301827,2.812e-01,0.551
fk05122,14,105930083,9.400e-01,0.027
fk05123,14,106930036,4.623e-01,0.335
fk05124,15,191893,5.220e-01,0.282
fk05125,15,250338,9.853e-01,0.006
fk05126,15,393559,6.342e-01,0.198
fk05127,15,591102,1.713e-01,0.766
fk05128,15,1055809,2.115e-01,0.675
fk05129,15,1368030,9.095e-01,0.041
fk05130,15,2009599,3.156e-02,1.501
fk05131,15,2350608,8.351e-01,0.078
fk05132,15,2456813,9.060e-01,0.043
fk05133,15,3434375,5.274e-01,0.278
fk05134,15,3554697,1.016e-01,0.993
fk05135,15,3653947,3.092e-01,0.510
fk05136,15,3706241,3.382e-01,0.471
fk05137,15,4535711,2.795e-02,1.554
fk05138,15,4683987,4.469e-01,0.350
fk05139,15,4968906,9.072e-01,0.042
fk05140,15,6026556,2.354e-01,0.628
fk05141,15,6395433,2.178e-01,0.662
fk05142,15,6469354,2.641e-01,0.578
fk05143,15,7096427,5.688e-02,1.245
fk05144,15,7168002,9.642e-01,0.016
fk05145,15,7197120,8.515e-01,0.070
fk05146,15,7608818,1.926e-01,0.715
fk05147,15,7744791,6.382e-01,0.195
fk05148,15,7852827,9.720e-01,0.012
fk05149,15,7927860,1.497e-02,1.825
fk05150,15,8300308,8.762e-02,1.057
fk05151,15,9206012,1.376e-01,0.861
fk05152,15,10356081,8.840e-01,0.054
fk05153,15,10794428,3.470e-01,0.460
fk05154,15,11468302,8.502e-01,0.070
fk05155,15,11820449,4.843e-01,0.315
fk05156,15,12061514,4.723e-01,0.326
fk05157,15,12992751,3.310e-01,0.480
fk05158,15,13148164,8.261e-01,0.083
fk05159,15,13746970,2.955e-01,0.529
fk05160,15,13750423,2.224e-01,0.653
fk05161,15,13864889,7.480e-01,0.126
fk05162,15,14222368,5.369e-01,0.270
fk05163,15,15136974,1.134e-01,0.945
fk05164,15,15551344,2.484e-01,0.605
fk05165,15,15762896,5.829e-01,0.234
fk05166,15,16056964,1.858e-01,0.731
fk05167,15,17441221,6.103e-01,0.214
fk05168,15,17816565,7.545e-01,0.122
fk05169,15,17842364,7.246e-02,1.140
fk05170,15,18485479,8.939e-01,0.049
fk05171,15,18673181,5.241e-02,1.281
fk05172,15,18705594,6.210e-01,0.207
fk05173,15,18766984,1.846e-01,0.734
fk05174,15,18894108,5.756e-01,0.240
fk05175,15,18973402,3.329e-01,0.478
fk05176,15,18987500,5.066e-01,0.295
fk05177,15,18993833,2.566e-01,0.591
fk05178,15,19440599,6.437e-01,0.191
fk05179,15,19810685,2.188e-03,2.660
fk05180,15,19915901,1.520e-03,2.818
fk05181,15,21288843,2.844e-01,0.546
fk05182,15,21466513,7.425e-01,0.129
fk05183,15,21582932,6.877e-01,0.163
fk05184,15,21723367,5.689e-01,0.245
fk05185,15,22191097,8.630e-01,0.064
fk05186,15,23232242,6.586e-01,0.181
fk05187,15,23367808,5.919e-01,0.228
fk05188,15,23470507,8.036e-01,0.095
fk05189,15,23662839,6.703e-01,0.174
fk05190,15,24681876,9.106e-01,0.041
fk05191,15,24723686,2.709e-02,1.567
fk05192,15,25513074,6.610e-02,1.180
fk05193,15,25779418,9.943e-01,0.002
fk05194,15,26090822,5.850e-01,0.233
fk05195,15,26273332,1.976e-01,0.704
fk05196,15,26900588,4.873e-02,1.312
fk05197,15,27290281,3.695e-01,0.432
fk05198,15,27698015,6.874e-01,0.163
fk05199,15,28222577,7.795e-01,0.108
fk05200,15,29226593,2.754e-01,0.560
fk05201,15,30059615,3.961e-01,0.402
fk05202,15,30657320,3.078e-02,1.512
fk05203,15,31204519,7.796e-02,1.108
fk05204,15,31280957,8.758e-01,0.058
fk05205,15,32652797,9.878e-01,0.005
fk05206,15,32821271,9.209e-01,0.036
fk05207,15,32962715,4.981e-02,1.303
fk05208,15,33043497,8.542e-01,0.068
fk05209,15,33338139,3.469e-01,0.460
fk05210,15,33475896,6.553e-01,0.184
fk05211,15,33924126,7.986e-01,0.098
fk05212,15,34608385,8.170e-02,1.088
fk05213,15,34858159,4.231e-01,0.374
fk05214,15,35032518,3.591e-01,0.445
fk05215,15,35075917,5.264e-01,0.279
fk05216,15,35671316,5.338e-01,0.273
fk05217,15,36001976,6.569e-01,0.183
fk05218,15,36333774,5.912e-01,0.228
fk05219,15,36359513,1.718e-02,1.765
fk05220,15,36651300,5.812e-01,0.236
fk05221,15,37046587,5.708e-01,0.244
fk05222,15,37249297,4.053e-01,0.392
fk05223,15,38432397,3.105e-01,0.508
fk05224,15,39733061,5.759e-01,0.240
fk05225,15,39776411,2.015e-01,0.696
fk05226,15,39938737,9.032e-01,0.044
fk05227,15,39974868,3.575e-01,0.447
fk05228,15,40756178,4.485e-01,0.348
fk05229,15,40891110,4.913e-01,0.309
fk05230,15,41510148,7.220e-01,0.141
fk05231,15,41840576,7.988e-01,0.098
fk05232,15,42739383,1.486e-01,0.828
fk05233,15,43029149,8.997e-01,0.046
fk05234,15,43767132,8.018e-02,1.096
fk05235,15,43907548,7.507e-01,0.125
fk05236,15,43942607,1.720e-03,2.764
fk05237,15,44126513,6.864e-02,1.163
fk05238,15,44468517,7.113e-01,0.148
fk05239,15,45201773,9.236e-01,0.035
fk05240,15,45435482,4.693e-01,0.329
fk05241,15,46245833,3.628e-01,0.440
fk05242,15,46344207,2.082e-01,0.682
fk05243,15,46348689,7.664e-01,0.116
fk05244,15,47878825,4.481e-01,0.349
fk05245,15,48622560,7.576e-01,0.121
fk05246,15,48876869,3.582e-01,0.446
fk05247,15,49952784,3.465e-01,0.460
fk05248,15,50016462,4.664e-01,0.331
fk05249,15,50292652,8.160e-01,0.088
fk05250,15,50424911,8.795e-01,0.056
fk05251,15,51102830,8.987e-01,0.046
fk05252,15,51241742,2.415e-01,0.617
fk05253,15,51509981,5.720e-01,0.243
fk05254,15,51862877,7.407e-01,0.130
fk05255,15,52015440,3.152e-01,0.501
fk05256,15,52254356,8.918e-01,0.050
fk05257,15,52309950,4.889e-02,1.311
fk05258,15,52416255,7.645e-01,0.117
fk05259,15,53077347,5.794e-01,0.237
fk05260,15,54144272,2.724e-01,0.565
fk05261,15,54572458,2.660e-01,0.575
fk05262,15,54995813,9.545e-01,0.020
fk05263,15,55615158,3.980e-01,0.400
fk05264,15,55732730,4.779e-01,0.321
fk05265,15,56076331,9.066e-01,0.043
fk05266,15,56777787,1.038e-01,0.984
fk05267,15,58448535,7.524e-01,0.124
fk05268,15,58605195,6.184e-01,0.209
fk05269,15,59385888,5.120e-01,0.291
fk05270,15,59927288,8.273e-01,0.082
fk05271,15,61250095,9.261e-01,0.033
fk05272,15,62159762,6.665e-01,0.176
fk05273,15,62195138,2.872e-01,0.542
fk05274,15,62268198,8.970e-01,0.047
fk05275,15,63347619,1.746e-01,0.758
fk05276,15,63900210,5.704e-01,0.244
fk05277,15,64987686,8.538e-01,0.069
fk05278,15,66129240,6.643e-01,0.178
fk05279,15,66271857,9.646e-01,0.016
fk05280,15,66490383,2.627e-01,0.581
fk05281,15,67054978,7.130e-01,0.147
fk05282,15,68123038,3.257e-01,0.487
fk05283,15,68823894,5.159e-01,0.287
fk05284,15,68843577,5.061e-01,0.296
fk05285,15,69067288,4.772e-01,0.321
fk05286,15,69376826,8.718e-01,0.060
fk05287,15,69537315,5.139e-01,0.289
fk05288,15,69878332,6.394e-02,1.194
fk05289,15,70142305,5.192e-01,0.285
fk05290,15,71569966,1.992e-01,0.701
fk05291,15,71573832,9.861e-01,0.006
fk05292,15,71657346,2.168e-01,0.664
fk05293,15,72324744,3.167e-01,0.499
fk05294,15,74091230,1.901e-01,0.721
fk05295,15,74395981,4.132e-02,1.384
fk05296,15,75115060,4.002e-01,0.398
fk05297,15,76137899,3.406e-01,0.468
fk05298,15,76239067,7.714e-01,0.113
fk05299,15,76962441,4.012e-01,0.397
fk05300,15,77697434,4.076e-01,0.390
fk05301,15,77882479,5.716e-01,0.243
fk05302,15,78034531,9.952e-01,0.002
fk05303,15,79048367,1.876e-01,0.727
fk05304,15,79534072,6.449e-01,0.191
fk05305,15,79576112,4.244e-02,1.372
fk05306,15,79738594,1.740e-01,0.759
fk05307,15,79928389,6.439e-02,1.191
fk05308,15,81340243,5.733e-01,0.242
fk05309,15,81621264,4.512e-01,0.346
fk05310,15,82268111,1.714e-01,0.766
fk05311,15,82396186,2.278e-01,0.642
fk05312,15,82886420,5.014e-01,0.300
fk05313,15,82902796,8.849e-01,0.053
fk05314,15,82909915,2.767e-01,0.558
fk05315,15,83508307,7.355e-01,0.133
fk05316,15,83566780,7.717e-01,0.113
fk05317,15,83617963,3.444e-01,0.463
fk05318,15,84901534,1.622e-01,0.790
fk05319,15,85678493,7.937e-01,0.100
fk05320,15,87527449,5.659e-02,1.247
fk05321,15,87929883,5.232e-01,0.281
fk05322,15,87944754,1.994e-01,0.700
fk05323,15,89180224,9.922e-01,0.003
fk05324,15,89525142,4.015e-01,0.396
fk05325,15,90738876,4.490e-01,0.348
fk05326,15,91445101,7.346e-01,0.134
fk05327,15,91703389,5.173e-03,2.286
fk05328,15,91708496,6.073e-01,0.217
fk05329,15,92621624,6.343e-01,0.198
fk05330,15,93818591,8.719e-01,0.060
fk05331,15,94263245,6.314e-01,0.200
fk05332,15,94847243,7.732e-01,0.112
fk05333,15,95310858,4.564e-01,0.341
fk05334,15,95531685,9.938e-01,0.003
fk05335,15,95726573,2.808e-01,0.552
fk05336,15,96020502,2.766e-01,0.558
fk05337,15,96316969,3.797e-01,0.421
fk05338,15,96494924,7.404e-01,0.131
fk05339,15,97394669,4.002e-01,0.398
fk05340,15,98169046,4.527e-01,0.344
fk05341,15,99262857,5.320e-01,0.274
fk05342,15,100195960,2.002e-01,0.699
fk05343,15,100292068,4.441e-01,0.353
fk05344,15,100304411,8.419e-01,0.075
fk05345,15,100806009,3.116e-01,0.506
fk05346,15,101172997,2.784e-02,1.555
fk05347,15,101331311,1.526e-01,0.816
fk05348,16,277418,4.656e-01,0.332
fk05349,16,1472621,9.218e-01,0.035
fk05350,16,2097966,6.228e-01,0.206
fk05351,16,2182388,8.701e-01,0.060
fk05352,16,2389291,8.662e-01,0.062
fk05353,16,3103729,9.823e-01,0.008
fk05354,16,3783920,6.688e-01,0.175
fk05355,16,3870704,2.094e-01,0.679
fk05356,16,4366400,9.653e-01,0.015
fk05357,16,4396169,2.558e-01,0.592
fk05358,16,5119767,5.962e-01,0.225
fk05359,16,5492401,2.967e-01,0.528
fk05360,16,7082141,8.118e-01,0.091
fk05361,16,7085174,7.558e-01,0.122
fk05362,16,8186093,4.834e-01,0.316
fk05363,16,8238553,8.154e-01,0.089
fk05364,16,8796934,5.712e-01,0.243
fk05365,16,8848881,9.929e-01,0.003
fk05366,16,9022809,9.933e-01,0.003
fk05367,16,9266627,8.397e-01,0.076
fk05368,16,9914618,1.762e-01,0.754
fk05369,16,10023862,3.543e-02,1.451
fk05370,16,10505897,8.071e-02,1.093
fk05371,16,10866539,2.787e-01,0.555
fk05372,16,13188592,2.258e-01,0.646
fk05373,16,15132493,1.625e-01,0.789
fk05374,16,15948633,2.654e-01,0.576
fk05375,16,15985539,9.072e-01,0.042
fk05376,16,16247432,2.953e-01,0.530
fk05377,16,16443540,2.813e-03,2.551
fk05378,16,16523826,7.558e-01,0.122
fk05379,16,17689697,1.272e-02,1.896
fk05380,16,18232125,2.482e-01,0.605
fk05381,16,18894586,1.635e-01,0.786
fk05382,16,19280833,7.304e-01,0.136
fk05383,16,19321243,7.930e-01,0.101
fk05384,16,19363271,6.803e-01,0.167
fk05385,16,19544033,3.866e-01,0.413
fk05386,16,20082549,7.661e-01,0.116
fk05387,16,20234730,7.436e-01,0.129
fk05388,16,20320730,5.016e-01,0.300
fk05389,16,20699379,7.528e-01,0.123
fk05390,16,21327828,9.561e-01,0.019
fk05391,16,21621269,7.126e-01,0.147
fk05392,16,22197865,1.733e-01,0.761
fk05393,16,22377112,7.313e-01,0.136
fk05394,16,24577191,2.863e-01,0.543
fk05395,16,25196279,4.851e-01,0.314
fk05396,16,25712734,9.817e-01,0.008
fk05397,16,25829919,5.251e-01,0.280
fk05398,16,26013936,9.882e-01,0.005
fk05399,16,26425789,4.164e-01,0.380
fk05400,16,27244635,5.495e-01,0.260
fk05401,16,27634067,3.356e-02,1.474
fk05402,16,27736854,7.560e-01,0.121
fk05403,16,27860024,1.400e-01,0.854
fk05404,16,27925912,1.316e-01,0.881
fk05405,16,27951042,8.950e-01,0.048
fk05406,16,28815241,5.715e-03,2.243
fk05407,16,28891672,2.009e-01,0.697
fk05408,16,29377610,1.103e-01,0.957
fk05409,16,29569817,4.164e-02,1.380
fk05410,16,29637292,6.741e-02,1.171
fk05411,16,29776939,6.656e-01,0.177
fk05412,16,30059300,3.141e-01,0.503
fk05413,16,30507637,4.646e-01,0.333
fk05414,16,30632358,2.880e-01,0.541
fk05415,16,30822650,4.632e-01,0.334
fk05416,16,31911522,4.733e-01,0.325
fk05417,16,32550530,9.077e-01,0.042
fk05418,16,32697004,3.607e-01,0.443
fk05419,16,32930596,3.913e-02,1.407
fk05420,16,33082979,7.911e-01,0.102
fk05421,16,33283860,3.627e-01,0.440
fk05422,16,33395083,2.601e-01,0.585
fk05423,16,34706103,7.198e-01,0.143
fk05424,16,35244100,1.036e-01,0.985
fk05425,16,35645747,7.517e-01,0.124
fk05426,16,35883901,2.262e-01,0.646
fk05427,16,38428421,2.982e-01,0.525
fk05428,16,39061822,3.500e-01,0.456
fk05429,16,39468935,9.129e-01,0.040
fk05430,16,39615655,4.608e-01,0.336
fk05431,16,39878977,4.241e-01,0.373
fk05432,16,40932289,3.743e-01,0.427
fk05433,16,41257392,8.204e-01,0.086
fk05434,16,42291065,3.033e-01,0.518
fk05435,16,42518681,1.227e-01,0.911
fk05436,16,43324815,4.150e-01,0.382
fk05437,16,44191368,8.815e-01,0.055
fk05438,16,44321300,1.949e-01,0.710
fk05439,16,44729316,4.813e-01,0.318
fk05440,16,44845139,6.570e-01,0.182
fk05441,16,45037462,4.499e-01,0.347
fk05442,16,46352302,3.367e-01,0.473
fk05443,16,46584924,7.546e-01,0.122
fk05444,16,46736011,3.363e-01,0.473
fk05445,16,47155341,8.383e-01,0.077
fk05446,16,47234928,1.897e-01,0.722
fk05447,16,47341332,8.218e-01,0.085
fk05448,16,47806204,8.583e-01,0.066
fk05449,16,49059094,8.268e-01,0.083
fk05450,16,49686729,3.227e-01,0.491
fk05451,16,49877768,2.930e-01,0.533
fk05452,16,50097445,9.502e-01,0.022
fk05453,16,50552216,9.369e-01,0.028
fk05454,16,50894162,3.197e-01,0.495
fk05455,16,53718388,8.630e-01,0.064
fk05456,16,53886631,8.675e-01,0.062
fk05457,16,54017132,6.398e-01,0.194
fk05458,16,55092020,4.793e-01,0.319
fk05459,16,55271935,9.675e-01,0.014
fk05460,16,55339512,6.240e-01,0.205
fk05461,16,56093721,8.376e-01,0.077
fk05462,16,56250836,8.258e-01,0.083
fk05463,16,56328627,7.830e-01,0.106
fk05464,16,56361190,3.829e-02,1.417
fk05465,16,57535877,6.906e-01,0.161
fk05466,16,57939140,9.070e-02,1.042
fk05467,16,57966100,3.914e-01,0.407
fk05468,16,58062566,3.882e-01,0.411
fk05469,16,58211359,9.453e-02,1.024
fk05470,16,58501468,7.248e-01,0.140
fk05471,16,58650979,6.630e-01,0.178
fk05472,16,58652153,4.622e-01,0.335
fk05473,16,59125541,9.110e-01,0.040
fk05474,16,59207504,5.928e-01,0.227
fk05475,16,59785097,2.528e-01,0.597
fk05476,16,60100560,5.487e-01,0.261
fk05477,16,60364621,7.699e-02,1.114
fk05478,16,60626392,2.295e-01,0.639
fk05479,16,61185894,5.750e-01,0.240
fk05480,16,61284924,3.657e-01,0.437
fk05481,16,61580032,8.830e-01,0.054
fk05482,16,62535628,3.249e-01,0.488
fk05483,16,62746861,1.692e-01,0.772
fk05484,16,62840161,1.661e-01,0.780
fk05485,16,63129214,4.829e-01,0.316
fk05486,16,64533963,4.934e-01,0.307
fk05487,16,64962270,1.559e-01,0.807
fk05488,16,64982958,7.842e-01,0.106
fk05489,16,65087164,4.000e-01,0.398
fk05490,16,65790692,5.124e-01,0.290
fk05491,16,65803183,9.151e-01,0.039
fk05492,16,66830470,6.476e-01,0.189
fk05493,16,67280558,8.209e-01,0.086
fk05494,16,67558630,3.151e-01,0.502
fk05495,16,68007288,8.314e-01,0.080
fk05496,16,68103333,3.756e-01,0.425
fk05497,16,68479196,9.189e-01,0.037
fk05498,16,68853158,3.151e-01,0.502
fk05499,16,69145665,1.464e-01,0.834
fk05500,16,69582681,7.150e-01,0.146
fk05501,16,69863482,3.794e-01,0.421
fk05502,16,70068510,1.865e-01,0.729
fk05503,16,70387182,6.223e-01,0.206
fk05504,16,70426434,1.713e-01,0.766
fk05505,16,70935878,9.533e-01,0.021
fk05506,16,71182724,2.405e-01,0.619
fk05507,16,71255904,4.675e-01,0.330
fk05508,16,71363613,3.720e-01,0.429
fk05509,16,72691942,7.324e-01,0.135
fk05510,16,73262355,7.790e-01,0.108
fk05511,16,73363459,1.040e-01,0.983
fk05512,16,73410836,7.098e-01,0.149
fk05513,16,73709378,5.297e-01,0.276
fk05514,16,74971891,3.465e-01,0.460
fk05515,16,75094917,1.126e-01,0.948
fk05516,16,75732745,8.059e-01,0.094
fk05517,16,75797026,7.560e-02,1.121
fk05518,16,76287876,7.886e-01,0.103
fk05519,16,76878414,2.739e-01,0.562
fk05520,16,77214082,9.427e-02,1.026
fk05521,16,77458092,2.998e-01,0.523
fk05522,16,77516443,6.682e-01,0.175
fk05523,16,78172062,9.865e-01,0.006
fk05524,16,79821291,1.683e-01,0.774
fk05525,16,80202755,2.076e-01,0.683
fk05526,16,80517359,9.046e-01,0.044
fk05527,16,80983800,6.790e-01,0.168
fk05528,16,81124007,1.704e-01,0.769
fk05529,16,82795279,8.864e-02,1.052
fk05530,16,83030282,7.170e-02,1.144
fk05531,16,83046420,9.244e-01,0.034
fk05532,16,83565447,4.021e-01,0.396
fk05533,16,84121065,6.893e-01,0.162
fk05534,16,84913971,5.147e-01,0.288
fk05535,16,85132033,6.480e-01,0.188
fk05536,16,85637348,6.261e-01,0.203
fk05537,16,86890228,6.883e-01,0.162
fk05538,16,86917337,3.632e-01,0.440
fk05539,16,87072079,1.345e-01,0.871
fk05540,16,88141859,8.157e-01,0.088
fk05541,16,88235968,8.698e-01,0.061
fk05542,16,88699090,8.484e-01,0.071
fk05543,16,89187049,3.305e-01,0.481
fk05544,16,89213573,2.986e-02,1.525
fk05545,16,89831655,3.513e-02,1.454
fk05546,17,624163,6.491e-01,0.188
fk05547,17,1209278,5.421e-01,0.266
fk05548,17,1213143,4.632e-01,0.334
fk05549,17,1304866,8.871e-02,1.052
fk05550,17,1553098,1.844e-01,0.734
fk05551,17,1684034,4.624e-01,0.335
fk05552,17,2168612,7.430e-01,0.129
fk05553,17,2463770,9.888e-01,0.005
fk05554,17,2773131,9.010e-01,0.045
fk05555,17,3694907,8.749e-01,0.058
fk05556,17,3882758,2.139e-01,0.670
fk05557,17,3976053,3.478e-01,0.459
fk05558,17,4585018,8.799e-01,0.056
fk05559,17,4638971,7.299e-01,0.137
fk05560,17,5411439,3.822e-01,0.418
fk05561,17,5779200,5.305e-01,0.275
fk05562,17,6489219,9.701e-01,0.013
fk05563,17,6776363,2.891e-01,0.539
fk05564,17,7330259,3.512e-01,0.454
fk05565,17,8100408,2.005e-01,0.698
fk05566,17,8215913,4.286e-01,0.368
fk05567,17,8264770,3.040e-02,1.517
fk05568,17,8572934,7.988e-01,0.098
fk05569,17,8766940,9.146e-01,0.039
fk05570,17,8846151,4.200e-01,0.377
fk05571,17,9560752,5.187e-01,0.285
fk05572,17,9781916,2.898e-02,1.538
fk05573,17,9826244,7.342e-01,0.134
fk05574,17,11195981,1.825e-01,0.739
fk05575,17,11211535,1.064e-01,0.973
fk05576,17,11509072,9.309e-01,0.031
fk05577,17,11849897,3.319e-01,0.479
fk05578,17,13215029,3.808e-01,0.419
fk05579,17,14153815,2.623e-01,0.581
fk05580,17,14418836,9.904e-01,0.004
fk05581,17,14485037,6.742e-01,0.171
fk05582,17,14866732,3.995e-01,0.398
fk05583,17,15069330,1.654e-01,0.781
fk05584,17,15081079,9.915e-01,0.004
fk05585,17,15860521,2.371e-01,0.625
fk05586,17,16247665,6.851e-01,0.164
fk05587,17,16328831,5.999e-02,1.222
fk05588,17,16559227,2.484e-01,0.605
fk05589,17,17524751,9.107e-01,0.041
fk05590,17,17535626,6.842e-01,0.165
fk05591,17,17782072,5.142e-01,0.289
fk05592,17,20447993,9.072e-01,0.042
fk05593,17,20563555,9.203e-01,0.036
fk05594,17,20875329,9.707e-01,0.013
fk05595,17,21121033,6.812e-01,0.167
fk05596,17,21333445,9.864e-01,0.006
fk05597,17,22177558,9.832e-01,0.007
fk05598,17,22308275,1.696e-01,0.771
fk05599,17,23115870,3.112e-01,0.507
fk05600,17,23621376,9.721e-02,1.012
fk05601,17,23880932,2.331e-01,0.632
fk05602,17,24076125,6.141e-01,0.212
fk05603,17,25966335,7.100e-02,1.149
fk05604,17,26398914,4.844e-01,0.315
fk05605,17,28216042,6.210e-01,0.207
fk05606,17,28888100,8.969e-01,0.047
fk05607,17,29121449,3.719e-01,0.430
fk05608,17,30090208,3.780e-01,0.423
fk05609,17,30399291,5.558e-01,0.255
fk05610,17,30865043,7.299e-01,0.137
fk05611,17,32593680,5.050e-02,1.297
fk05612,17,33010144,3.948e-01,0.404
fk05613,17,33226098,2.206e-03,2.656
fk05614,17,33719770,6.863e-01,0.163
fk05615,17,34229702,6.013e-01,0.221
fk05616,17,34261970,8.007e-01,0.097
fk05617,17,35212361,7.233e-02,1.141
fk05618,17,35609830,6.898e-01,0.161
fk05619,17,35627538,7.581e-01,0.120
fk05620,17,35687615,9.843e-01,0.007
fk05621,17,36485260,3.847e-01,0.415
fk05622,17,36628868,2.524e-01,0.598
fk05623,17,36834120,4.894e-01,0.310
fk05624,17,37183735,4.138e-01,0.383
fk05625,17,38777260,4.574e-01,0.340
fk05626,17,39325019,9.824e-02,1.008
fk05627,17,39342397,9.118e-01,0.040
fk05628,17,39536460,6.893e-01,0.162
fk05629,17,40357819,3.712e-01,0.430
fk05630,17,40802304,7.173e-01,0.144
fk05631,17,40819036,4.053e-01,0.392
fk05632,17,40955866,1.686e-02,1.773
fk05633,17,40969549,1.278e-02,1.893
fk05634,17,41028882,6.325e-04,3.199
fk05635,17,41035085,3.176e-04,3.498
fk05636,17,41051471,1.721e-04,3.764
fk05637,17,41063469,9.987e-06,5.001
fk05638,17,41084805,7.347e-06,5.134
fk05639,17,41093907,1.171e-06,5.931
fk05640,17,41110693,5.201e-07,6.284
fk05641,17,41132303,1.464e-06,5.834
fk05642,17,41148544,4.170e-08,7.380
fk05643,17,41152555,3.113e-08,7.507
fk05644,17,41155193,2.371e-08,7.625
fk05645,17,41156295,8.809e-08,7.055
fk05646,17,41163526,2.092e-07,6.679
fk05647,17,41166748,2.468e-08,7.608
fk05648,17,41167642,3.993e-08,7.399
fk05649,17,41173649,3.803e-08,7.420
fk05650,17,41175171,4.407e-08,7.356
fk05651,17,41182498,9.927e-08,7.003
fk05652,17,41199379,5.098e-08,7.293
fk05653,17,41199461,1.296e-07,6.887
fk05654,17,41213424,7.446e-08,7.128
fk05655,17,41224860,1.157e-07,6.937
fk05656,17,41225011,2.331e-07,6.632
fk05657,17,41229141,3.603e-08,7.443
fk05658,17,41233602,5.203e-08,7.284
fk05659,17,41237333,2.542e-07,6.595
fk05660,17,41250346,1.758e-07,6.755
fk05661,17,41274099,6.044e-07,6.219
fk05662,17,41279244,3.890e-07,6.410
fk05663,17,41312755,4.801e-06,5.319
fk05664,17,41326705,1.556e-05,4.808
fk05665,17,41346115,1.270e-04,3.896
fk05666,17,41360472,8.928e-05,4.049
fk05667,17,41369046,5.145e-04,3.289
fk05668,17,41371358,1.667e-04,3.778
fk05669,17,41387743,5.317e-04,3.274
fk05670,17,41414765,5.100e-03,2.292
fk05671,17,41444936,2.973e-02,1.527
fk05672,17,41532647,3.607e-01,0.443
fk05673,17,41534769,3.575e-01,0.447
fk05674,17,42085250,3.474e-01,0.459
fk05675,17,42173729,7.849e-01,0.105
fk05676,17,42982740,4.772e-01,0.321
fk05677,17,43174210,7.407e-01,0.130
fk05678,17,43541331,2.212e-01,0.655
fk05679,17,43565871,7.393e-01,0.131
fk05680,17,44050052,1.896e-01,0.722
fk05681,17,44315638,2.434e-01,0.614
fk05682,17,44766128,2.139e-01,0.670
fk05683,17,46456323,5.323e-01,0.274
fk05684,17,46528622,5.479e-01,0.261
fk05685,17,46541613,1.905e-02,1.720
fk05686,17,46608983,1.628e-01,0.788
fk05687,17,46874245,3.706e-01,0.431
fk05688,17,47054565,2.041e-01,0.690
fk05689,17,47736540,5.167e-01,0.287
fk05690,17,48707035,5.535e-01,0.257
fk05691,17,48752931,7.199e-01,0.143
fk05692,17,49492064,2.703e-01,0.568
fk05693,17,49556536,6.954e-01,0.158
fk05694,17,49737901,8.278e-02,1.082
fk05695,17,50704514,2.645e-01,0.578
fk05696,17,51064850,4.476e-01,0.349
fk05697,17,51401436,5.475e-01,0.262
fk05698,17,51644289,4.698e-01,0.328
fk05699,17,53297657,2.857e-01,0.544
fk05700,17,53496415,1.390e-01,0.857
fk05701,17,53536618,8.686e-01,0.061
fk05702,17,53674949,4.038e-01,0.394
fk05703,17,53710512,1.908e-01,0.719
fk05704,17,53728563,6.947e-01,0.158
fk05705,17,53774149,2.638e-01,0.579
fk05706,17,54275300,8.323e-01,0.080
fk05707,17,54557262,3.865e-01,0.413
fk05708,17,54679356,1.333e-01,0.875
fk05709,17,56133364,6.847e-01,0.164
fk05710,17,56182267,4.619e-01,0.335
fk05711,17,57093104,7.410e-01,0.130
fk05712,17,57538309,4.303e-01,0.366
fk05713,17,57564193,3.917e-01,0.407
fk05714,17,59038555,4.379e-02,1.359
fk05715,17,60227116,6.085e-01,0.216
fk05716,17,60548633,8.832e-01,0.054
fk05717,17,60877564,8.137e-02,1.090
fk05718,17,61021219,2.537e-02,1.596
fk05719,17,61353089,6.878e-01,0.163
fk05720,17,62122738,6.855e-02,1.164
fk05721,17,62176958,6.342e-01,0.198
fk05722,17,63097848,9.814e-01,0.008
fk05723,17,63152672,1.799e-01,0.745
fk05724,17,63423927,9.162e-01,0.038
fk05725,17,63483111,4.352e-01,0.361
fk05726,17,63510249,3.546e-01,0.450
fk05727,17,63931859,7.569e-02,1.121
fk05728,17,64873980,9.887e-01,0.005
fk05729,17,65094837,9.593e-01,0.018
fk05730,17,65132911,1.383e-02,1.859
fk05731,17,65145570,8.600e-01,0.066
fk05732,17,65977687,6.573e-01,0.182
fk05733,17,66327100,5.464e-02,1.262
fk05734,17,67225454,9.559e-01,0.020
fk05735,17,67692041,4.727e-01,0.325
fk05736,17,67776372,1.730e-01,0.762
fk05737,17,68261355,3.138e-01,0.503
fk05738,17,68322985,2.252e-01,0.647
fk05739,17,68827409,9.683e-01,0.014
fk05740,17,68922752,3.403e-01,0.468
fk05741,17,69210188,4.704e-01,0.328
fk05742,17,69562572,8.473e-01,0.072
fk05743,17,69603307,2.467e-01,0.608
fk05744,17,69782192,8.637e-01,0.064
fk05745,17,70129120,4.862e-01,0.313
fk05746,17,70218956,8.501e-01,0.071
fk05747,17,70325633,4.431e-02,1.353
fk05748,17,70841935,4.259e-01,0.371
fk05749,17,71481977,3.935e-01,0.405
fk05750,17,71595618,1.425e-01,0.846
fk05751,17,71708667,1.573e-01,0.803
fk05752,17,73018830,1.337e-02,1.874
fk05753,17,73142717,1.678e-01,0.775
fk05754,17,73645081,3.711e-01,0.431
fk05755,17,73882704,8.945e-01,0.048
fk05756,17,73984730,2.193e-01,0.659
fk05757,17,74263512,9.214e-01,0.036
fk05758,17,75322623,7.608e-01,0.119
fk05759,17,76510514,5.572e-01,0.254
fk05760,17,76678753,4.893e-01,0.310
fk05761,17,77072931,6.965e-01,0.157
fk05762,17,77360704,2.326e-02,1.633
fk05763,17,77553350,2.042e-01,0.690
fk05764,17,77866507,2.647e-01,0.577
fk05765,17,79475756,6.212e-01,0.207
fk05766,17,80610719,4.004e-02,1.398
fk05767,17,82828526,5.226e-01,0.282
fk05768,18,131028,4.725e-02,1.326
fk05769,18,417329,6.584e-01,0.182
fk05770,18,927679,7.264e-01,0.139
fk05771,18,1224052,1.993e-01,0.700
fk05772,18,1966828,3.077e-01,0.512
fk05773,18,3786851,7.140e-02,1.146
fk05774,18,4525830,8.313e-01,0.080
fk05775,18,4545750,7.813e-01,0.107
fk05776,18,4577413,4.555e-01,0.342
fk05777,18,4957002,7.734e-02,1.112
fk05778,18,5024981,6.200e-01,0.208
fk05779,18,5560462,1.961e-01,0.708
fk05780,18,6052589,8.677e-01,0.062
fk05781,18,6731324,7.534e-01,0.123
fk05782,18,6869240,7.284e-01,0.138
fk05783,18,7515058,9.152e-01,0.038
fk05784,18,8591192,6.917e-01,0.160
fk05785,18,8945670,8.710e-01,0.060
fk05786,18,9512174,3.961e-01,0.402
fk05787,18,9774306,4.329e-01,0.364
fk05788,18,9899723,7.187e-01,0.143
fk05789,18,10541375,5.474e-01,0.262
fk05790,18,10564076,7.516e-01,0.124
fk05791,18,11429068,5.369e-01,0.270
fk05792,18,12400694,5.952e-01,0.225
fk05793,18,12914162,3.638e-01,0.439
fk05794,18,12932884,6.133e-01,0.212
fk05795,18,13043290,8.428e-01,0.074
fk05796,18,13357200,4.928e-01,0.307
fk05797,18,13958529,4.249e-01,0.372
fk05798,18,14188495,3.079e-03,2.512
fk05799,18,15111217,1.800e-01,0.745
fk05800,18,16263447,3.351e-01,0.475
fk05801,18,16346781,6.931e-02,1.159
fk05802,18,16484180,2.736e-01,0.563
fk05803,18,16668582,1.691e-01,0.772
fk05804,18,17099547,7.750e-02,1.111
fk05805,18,17951638,9.156e-01,0.038
fk05806,18,18324284,5.132e-02,1.290
fk05807,18,18366217,6.590e-01,0.181
fk05808,18,18390121,5.518e-01,0.258
fk05809,18,18599860,6.307e-01,0.200
fk05810,18,18652686,6.949e-01,0.158
fk05811,18,19205588,6.912e-01,0.160
fk05812,18,19301465,9.339e-01,0.030
fk05813,18,19426869,4.021e-01,0.396
fk05814,18,20524449,1.666e-02,1.778
fk05815,18,21295741,3.149e-01,0.502
fk05816,18,21375753,8.291e-01,0.081
fk05817,18,21717603,3.855e-01,0.414
fk05818,18,22012530,8.118e-01,0.091
fk05819,18,22368036,6.591e-01,0.181
fk05820,18,22602391,6.137e-01,0.212
fk05821,18,23432465,3.008e-01,0.522
fk05822,18,24910430,1.640e-02,1.785
fk05823,18,25013599,7.860e-01,0.105
fk05824,18,25055577,7.770e-01,0.110
fk05825,18,25132617,5.952e-01,0.225
fk05826,18,25926752,3.067e-01,0.513
fk05827,18,25967473,9.742e-01,0.011
fk05828,18,26558169,4.706e-01,0.327
fk05829,18,26660912,5.344e-01,0.272
fk05830,18,26761401,5.763e-01,0.239
fk05831,18,27894041,9.260e-01,0.033
fk05832,18,27948608,5.732e-01,0.242
fk05833,18,28466479,6.669e-01,0.176
fk05834,18,29015640,7.155e-01,0.145
fk05835,18,29315882,6.431e-01,0.192
fk05836,18,29445670,1.896e-01,0.722
fk05837,18,29725504,2.309e-02,1.637
fk05838,18,30425343,8.578e-01,0.067
fk05839,18,30475468,9.997e-01,0.000
fk05840,18,31072149,3.171e-01,0.499
fk05841,18,32014820,6.493e-01,0.188
fk05842,18,32394682,7.729e-01,0.112
fk05843,18,32517115,3.036e-01,0.518
fk05844,18,33039590,7.722e-01,0.112
fk05845,18,33353685,4.374e-01,0.359
fk05846,18,33783575,6.038e-01,0.219
fk05847,18,33790150,2.608e-01,0.584
fk05848,18,34033197,3.004e-01,0.522
fk05849,18,34156953,7.733e-01,0.112
fk05850,18,34339297,8.230e-01,0.085
fk05851,18,35627311,8.634e-01,0.064
fk05852,18,35934029,1.127e-01,0.948
fk05853,18,36120527,1.178e-02,1.929
fk05854,18,36797721,2.169e-01,0.664
fk05855,18,37642119,3.342e-01,0.476
fk05856,18,37726909,8.987e-01,0.046
fk05857,18,38399449,9.876e-01,0.005
fk05858,18,40427133,1.738e-01,0.760
fk05859,18,40715625,4.605e-01,0.337
fk05860,18,40720201,6.418e-01,0.193
fk05861,18,40962836,6.090e-02,1.215
fk05862,18,41660652,3.382e-02,1.471
fk05863,18,41681851,7.803e-01,0.108
fk05864,18,42307907,1.791e-01,0.747
fk05865,18,42891285,8.965e-01,0.047
fk05866,18,43445716,1.693e-01,0.771
fk05867,18,43497926,3.075e-01,0.512
fk05868,18,44284551,2.957e-01,0.529
fk05869,18,46978492,2.724e-01,0.565
fk05870,18,47054193,2.933e-01,0.533
fk05871,18,47205211,5.089e-01,0.293
fk05872,18,48283948,9.113e-01,0.040
fk05873,18,48338711,2.976e-02,1.526
fk05874,18,48986271,3.296e-01,0.482
fk05875,18,49408781,2.256e-01,0.647
fk05876,18,49849451,1.398e-01,0.854
fk05877,18,50338472,3.788e-01,0.422
fk05878,18,50818511,9.217e-01,0.035
fk05879,18,51070521,6.656e-01,0.177
fk05880,18,51575496,1.126e-01,0.948
fk05881,18,51618199,3.981e-01,0.400
fk05882,18,51913887,9.266e-01,0.033
fk05883,18,52109610,8.224e-01,0.085
fk05884,18,52144316,2.424e-01,0.615
fk05885,18,52176504,3.679e-02,1.434
fk05886,18,52346983,2.147e-01,0.668
fk05887,18,52975935,8.479e-01,0.072
fk05888,18,54601213,3.724e-01,0.429
fk05889,18,54825084,8.662e-01,0.062
fk05890,18,55013216,6.091e-01,0.215
fk05891,18,55324057,1.080e-01,0.967
fk05892,18,55598493,6.152e-02,1.211
fk05893,18,55783638,5.335e-01,0.273
fk05894,18,56323625,2.421e-01,0.616
fk05895,18,56579806,7.733e-01,0.112
fk05896,18,56728565,9.736e-01,0.012
fk05897,18,57201244,9.837e-01,0.007
fk05898,18,57357826,6.174e-01,0.209
fk05899,18,57483716,1.368e-01,0.864
fk05900,18,57826798,2.019e-01,0.695
fk05901,18,58330979,9.255e-02,1.034
fk05902,18,58539160,1.974e-02,1.705
fk05903,18,58942295,7.394e-01,0.131
fk05904,18,60223390,9.637e-01,0.016
fk05905,18,60774640,3.155e-02,1.501
fk05906,18,60791564,6.508e-01,0.187
fk05907,18,60832786,4.844e-01,0.315
fk05908,18,61053572,9.144e-01,0.039
fk05909,18,61085461,2.435e-01,0.614
fk05910,18,61478226,2.793e-02,1.554
fk05911,18,61583785,9.462e-01,0.024
fk05912,18,61745236,2.970e-01,0.527
fk05913,18,62197987,2.662e-02,1.575
fk05914,18,62360560,8.982e-01,0.047
fk05915,18,63258187,1.973e-01,0.705
fk05916,18,63523105,5.521e-01,0.258
fk05917,18,64278622,7.673e-03,2.115
fk05918,18,64286038,2.932e-01,0.533
fk05919,18,64794964,4.137e-01,0.383
fk05920,18,64965188,3.715e-01,0.430
fk05921,18,64970935,7.116e-01,0.148
fk05922,18,65011312,3.449e-01,0.462
fk05923,18,65575929,3.241e-01,0.489
fk05924,18,65609407,4.749e-01,0.323
fk05925,18,65676373,9.677e-01,0.014
fk05926,18,66930873,4.500e-01,0.347
fk05927,18,68281933,8.531e-01,0.069
fk05928,18,68403085,1.322e-01,0.879
fk05929,18,68837429,3.938e-01,0.405
fk05930,18,68872946,9.354e-01,0.029
fk05931,18,69983910,6.027e-01,0.220
fk05932,18,70276922,9.135e-01,0.039
fk05933,18,70641030,1.275e-01,0.894
fk05934,18,71390727,9.280e-01,0.032
fk05935,18,74246159,6.314e-01,0.200
fk05936,18,74286585,6.537e-01,0.185
fk05937,18,74391035,4.200e-01,0.377
fk05938,18,74932813,9.997e-01,0.000
fk05939,18,74973123,5.790e-01,0.237
fk05940,18,75415545,2.726e-01,0.564
fk05941,18,75538688,6.697e-03,2.174
fk05942,18,75878586,3.307e-01,0.481
fk05943,18,77757524,9.759e-01,0.011
fk05944,19,169159,3.575e-01,0.447
fk05945,19,253531,2.003e-01,0.698
fk05946,19,2064207,8.921e-01,0.050
fk05947,19,2329616,9.014e-01,0.045
fk05948,19,4383199,3.947e-01,0.404
fk05949,19,4460842,3.277e-01,0.485
fk05950,19,4734427,1.109e-01,0.955
fk05951,19,4949155,6.480e-01,0.188
fk05952,19,5766233,3.334e-01,0.477
fk05953,19,6658760,5.168e-01,0.287
fk05954,19,6948423,1.687e-01,0.773
fk05955,19,7630180,5.015e-01,0.300
fk05956,19,8392257,9.920e-01,0.003
fk05957,19,8724558,7.191e-02,1.143
fk05958,19,8779526,6.221e-01,0.206
fk05959,19,8874545,2.337e-01,0.631
fk05960,19,9092284,5.535e-01,0.257
fk05961,19,10302408,6.009e-01,0.221
fk05962,19,10490627,9.000e-01,0.046
fk05963,19,10694742,1.282e-01,0.892
fk05964,19,11196255,9.364e-01,0.029
fk05965,19,11231350,5.218e-01,0.282
fk05966,19,11324758,5.611e-02,1.251
fk05967,19,11411918,8.604e-01,0.065
fk05968,19,11826550,2.183e-01,0.661
fk05969,19,12014932,6.519e-01,0.186
fk05970,19,12336166,8.610e-02,1.065
fk05971,19,12626345,4.175e-01,0.379
fk05972,19,12634253,4.787e-01,0.320
fk05973,19,12828629,6.432e-01,0.192
fk05974,19,13583534,9.771e-01,0.010
fk05975,19,14336991,9.514e-02,1.022
fk05976,19,14853647,5.432e-02,1.265
fk05977,19,14937496,3.117e-01,0.506
fk05978,19,15426983,7.239e-01,0.140
fk05979,19,15944276,8.058e-01,0.094
fk05980,19,16389724,3.263e-01,0.486
fk05981,19,16427640,8.919e-01,0.050
fk05982,19,16586026,6.988e-01,0.156
fk05983,19,17352573,2.543e-04,3.595
fk05984,19,19137150,3.751e-01,0.426
fk05985,19,19347956,6.643e-01,0.178
fk05986,19,19796997,4.679e-02,1.330
fk05987,19,19931231,7.480e-01,0.126
fk05988,19,20443706,3.069e-01,0.513
fk05989,19,20626726,5.684e-01,0.245
fk05990,19,20737178,4.087e-01,0.389
fk05991,19,21096003,2.828e-01,0.549
fk05992,19,21181537,7.468e-01,0.127
fk05993,19,21748383,4.011e-01,0.397
fk05994,19,23201684,9.156e-01,0.038
fk05995,19,23343154,8.573e-01,0.067
fk05996,19,23803842,1.977e-02,1.704
fk05997,19,24255157,1.454e-01,0.837
fk05998,19,24353251,4.053e-01,0.392
fk05999,19,25127972,4.617e-01,0.336
fk06000,19,27518121,9.224e-01,0.035
fk06001,19,27788539,3.970e-01,0.401
fk06002,19,27954515,1.965e-01,0.707
fk06003,19,27976723,7.207e-02,1.142
fk06004,19,28045887,9.296e-01,0.032
fk06005,19,28521953,2.908e-01,0.536
fk06006,19,29339772,9.840e-01,0.007
fk06007,19,29596433,5.461e-01,0.263
fk06008,19,30564552,2.867e-01,0.543
fk06009,19,30719623,4.955e-01,0.305
fk06010,19,30736727,7.415e-01,0.130
fk06011,19,30986106,8.958e-01,0.048
fk06012,19,31274979,5.047e-01,0.297
fk06013,19,31300156,9.730e-01,0.012
fk06014,19,31468023,5.436e-01,0.265
fk06015,19,31753446,9.039e-01,0.044
fk06016,19,34404079,1.963e-01,0.707
fk06017,19,34680425,9.996e-01,0.000
fk06018,19,35241331,6.344e-01,0.198
fk06019,19,36145442,5.027e-01,0.299
fk06020,19,36561422,2.177e-01,0.662
fk06021,19,37146257,7.215e-01,0.142
fk06022,19,37267491,8.344e-01,0.079
fk06023,19,38347607,9.704e-01,0.013
fk06024,19,38795654,4.774e-01,0.321
fk06025,19,39556995,5.151e-01,0.288
fk06026,19,40522192,5.551e-01,0.256
fk06027,19,40681214,7.531e-01,0.123
fk06028,19,41009099,1.704e-01,0.769
fk06029,19,41935872,2.727e-01,0.564
fk06030,19,43017846,9.511e-01,0.022
fk06031,19,43452879,3.901e-01,0.409
fk06032,19,43529625,9.500e-01,0.022
fk06033,19,44135005,9.399e-01,0.027
fk06034,19,44247795,6.139e-01,0.212
fk06035,19,44461307,3.141e-01,0.503
fk06036,19,44462486,2.214e-01,0.655
fk06037,19,44746051,4.238e-02,1.373
fk06038,19,44769373,6.635e-01,0.178
fk06039,19,45087383,7.429e-01,0.129
fk06040,19,45667873,3.210e-01,0.493
fk06041,19,46027570,5.333e-01,0.273
fk06042,19,46261823,5.882e-01,0.230
fk06043,19,46461312,7.594e-01,0.120
fk06044,19,47693628,4.616e-01,0.336
fk06045,19,48013352,7.848e-01,0.105
fk06046,19,48323152,3.650e-01,0.438
fk06047,19,48601507,5.919e-01,0.228
fk06048,19,49110757,9.085e-01,0.042
fk06049,19,49617080,1.956e-01,0.709
fk06050,19,49889324,6.711e-02,1.173
fk06051,19,50530871,3.579e-01,0.446
fk06052,19,50786767,8.687e-01,0.061
fk06053,19,51190839,8.172e-01,0.088
fk06054,19,51280968,1.684e-01,0.774
fk06055,19,51330674,1.206e-02,1.919
fk06056,19,51668041,6.408e-01,0.193
fk06057,19,52003737,4.235e-01,0.373
fk06058,19,52509064,2.671e-01,0.573
fk06059,19,52590501,3.355e-01,0.474
fk06060,19,52671729,6.737e-01,0.172
fk06061,19,52695002,7.213e-02,1.142
fk06062,19,52760208,4.716e-01,0.326
fk06063,19,52867384,3.136e-01,0.504
fk06064,19,54747082,4.812e-01,0.318
fk06065,19,55517336,6.972e-01,0.157
fk06066,19,56135446,2.693e-01,0.570
fk06067,19,56671803,7.071e-01,0.151
fk06068,19,56904699,5.054e-02,1.296
fk06069,19,57286426,1.343e-01,0.872
fk06070,19,58060946,1.274e-01,0.895
fk06071,19,58303527,1.045e-01,0.981
fk06072,19,58387489,3.975e-01,0.401
fk06073,20,718448,5.258e-01,0.279
fk06074,20,754605,2.324e-02,1.634
fk06075,20,973190,3.504e-01,0.455
fk06076,20,1174288,9.669e-02,1.015
fk06077,20,1425737,8.051e-01,0.094
fk06078,20,1617159,8.906e-01,0.050
fk06079,20,1620010,3.148e-01,0.502
fk06080,20,1870663,3.532e-02,1.452
fk06081,20,2622234,8.243e-01,0.084
fk06082,20,2743026,5.158e-02,1.288
fk06083,20,4314422,1.269e-01,0.897
fk06084,20,4625573,9.311e-01,0.031
fk06085,20,4954438,6.456e-01,0.190
fk06086,20,6217270,1.101e-01,0.958
fk06087,20,7298954,3.242e-01,0.489
fk06088,20,7337407,2.747e-01,0.561
fk06089,20,7897483,7.385e-01,0.132
fk06090,20,8108872,4.329e-01,0.364
fk06091,20,8307114,9.494e-03,2.023
fk06092,20,8406557,3.558e-01,0.449
fk06093,20,8481551,2.797e-01,0.553
fk06094,20,9028293,2.054e-01,0.687
fk06095,20,10237782,2.510e-02,1.600
fk06096,20,11006271,6.056e-01,0.218
fk06097,20,11393937,8.638e-01,0.064
fk06098,20,11546745,3.668e-01,0.436
fk06099,20,11724091,1.607e-01,0.794
fk06100,20,12000811,7.872e-01,0.104
fk06101,20,12980967,5.659e-01,0.247
fk06102,20,13009186,8.760e-01,0.057
fk06103,20,14872903,1.819e-01,0.740
fk06104,20,15018408,7.932e-01,0.101
fk06105,20,15757456,7.270e-01,0.138
fk06106,20,16684192,6.457e-01,0.190
fk06107,20,16754248,9.722e-01,0.012
fk06108,20,16957806,1.228e-03,2.911
fk06109,20,19514162,5.534e-02,1.257
fk06110,20,20147220,2.093e-01,0.679
fk06111,20,20172588,4.784e-01,0.320
fk06112,20,21446850,6.745e-01,0.171
fk06113,20,21561701,7.690e-01,0.114
fk06114,20,22015368,7.394e-01,0.131
fk06115,20,22177392,9.001e-01,0.046
fk06116,20,22207358,1.088e-01,0.963
fk06117,20,22277286,9.836e-01,0.007
fk06118,20,22662254,2.986e-02,1.525
fk06119,20,23125843,5.657e-01,0.247
fk06120,20,23245106,2.108e-01,0.676
fk06121,20,23394910,5.288e-01,0.277
fk06122,20,23401684,5.048e-01,0.297
fk06123,20,23580236,4.902e-01,0.310
fk06124,20,23736332,4.424e-01,0.354
fk06125,20,23999712,4.250e-01,0.372
fk06126,20,24061847,4.681e-01,0.330
fk06127,20,24249485,5.874e-01,0.231
fk06128,20,24333575,6.255e-02,1.204
fk06129,20,24432677,6.530e-01,0.185
fk06130,20,25207800,2.569e-01,0.590
fk06131,20,25589180,7.233e-01,0.141
fk06132,20,26186788,5.702e-01,0.244
fk06133,20,26933613,2.800e-01,0.553
fk06134,20,26936419,2.489e-01,0.604
fk06135,20,27042287,5.709e-02,1.243
fk06136,20,27111648,2.697e-01,0.569
fk06137,20,27877107,8.408e-01,0.075
fk06138,20,27937217,8.130e-01,0.090
fk06139,20,28325336,4.440e-01,0.353
fk06140,20,28907632,8.455e-01,0.073
fk06141,20,29933943,6.400e-01,0.194
fk06142,20,30419988,8.063e-01,0.094
fk06143,20,30533587,3.959e-02,1.402
fk06144,20,32672225,6.081e-01,0.216
fk06145,20,33549513,8.554e-01,0.068
fk06146,20,34052739,4.552e-01,0.342
fk06147,20,34069110,1.200e-01,0.921
fk06148,20,36145332,1.493e-01,0.826
fk06149,20,36162906,8.562e-01,0.067
fk06150,20,36290071,1.689e-01,0.772
fk06151,20,37740795,1.063e-02,1.973
fk06152,20,38096622,7.137e-01,0.146
fk06153,20,38470697,4.363e-01,0.360
fk06154,20,38621861,9.871e-01,0.006
fk06155,20,38696140,6.074e-01,0.217
fk06156,20,39147585,2.550e-01,0.593
fk06157,20,39239078,9.673e-01,0.014
fk06158,20,39497646,3.449e-01,0.462
fk06159,20,39919254,2.123e-01,0.673
fk06160,20,40333084,9.655e-01,0.015
fk06161,20,40510367,8.617e-01,0.065
fk06162,20,40581725,7.342e-01,0.134
fk06163,20,40614342,8.497e-01,0.071
fk06164,20,43617103,5.622e-01,0.250
fk06165,20,44011366,7.978e-01,0.098
fk06166,20,44378373,5.649e-02,1.248
fk06167,20,46228952,7.375e-01,0.132
fk06168,20,46235279,4.000e-02,1.398
fk06169,20,46261625,3.569e-01,0.447
fk06170,20,48112918,8.101e-01,0.091
fk06171,20,48491144,5.410e-01,0.267
fk06172,20,48917730,1.587e-01,0.799
fk06173,20,49205166,9.965e-02,1.002
fk06174,20,49661662,8.695e-01,0.061
fk06175,20,49932048,9.421e-01,0.026
fk06176,20,50216241,6.801e-01,0.167
fk06177,20,50257054,9.021e-01,0.045
fk06178,20,50414886,7.184e-02,1.144
fk06179,20,50640602,4.431e-01,0.353
fk06180,20,50716789,4.345e-01,0.362
fk06181,20,51438737,4.977e-01,0.303
fk06182,20,51692349,7.097e-01,0.149
fk06183,20,51825147,6.155e-01,0.211
fk06184,20,51831237,8.158e-01,0.088
fk06185,20,51977546,9.451e-01,0.025
fk06186,20,52013795,6.810e-01,0.167
fk06187,20,52496393,6.896e-01,0.161
fk06188,20,52641054,3.950e-01,0.403
fk06189,20,53457561,3.230e-02,1.491
fk06190,20,53619022,1.234e-01,0.909
fk06191,20,54051126,4.134e-01,0.384
fk06192,20,54629332,2.933e-01,0.533
fk06193,20,54955414,1.098e-01,0.959
fk06194,20,55345442,3.515e-01,0.454
fk06195,20,55808064,1.138e-01,0.944
fk06196,20,56223466,9.108e-01,0.041
fk06197,20,56520116,2.257e-02,1.646
fk06198,20,57302164,3.022e-01,0.520
fk06199,20,57472902,2.148e-01,0.668
fk06200,20,57785576,9.482e-01,0.023
fk06201,20,57925880,8.125e-01,0.090
fk06202,20,58243973,7.461e-01,0.127
fk06203,20,59214276,1.501e-01,0.824
fk06204,20,59225613,1.266e-01,0.898
fk06205,20,59528888,3.265e-01,0.486
fk06206,20,59997827,8.123e-01,0.090
fk06207,20,60088498,8.709e-01,0.060
fk06208,20,60653057,9.137e-02,1.039
fk06209,20,61490500,7.719e-01,0.112
fk06210,20,62393837,1.951e-02,1.710
fk06211,20,62495772,3.215e-01,0.493
fk06212,20,63143866,4.626e-01,0.335
fk06213,21,304990,5.557e-01,0.255
fk06214,21,1302648,7.078e-01,0.150
fk06215,21,1473375,9.484e-01,0.023
fk06216,21,1726799,2.854e-01,0.545
fk06217,21,2309528,8.220e-01,0.085
fk06218,21,4027645,1.706e-02,1.768
fk06219,21,4593382,9.071e-01,0.042
fk06220,21,4861162,4.069e-01,0.391
fk06221,21,4863607,6.340e-01,0.198
fk06222,21,5087250,2.364e-01,0.626
fk06223,21,5302921,2.086e-02,1.681
fk06224,21,5649800,7.224e-01,0.141
fk06225,21,6124110,8.844e-01,0.053
fk06226,21,6298914,7.333e-01,0.135
fk06227,21,7289194,1.146e-01,0.941
fk06228,21,7295088,6.729e-01,0.172
fk06229,21,7405092,9.252e-02,1.034
fk06230,21,7538252,4.673e-01,0.330
fk06231,21,8456246,2.065e-01,0.685
fk06232,21,8497620,4.763e-01,0.322
fk06233,21,8533256,7.718e-02,1.112
fk06234,21,8833988,4.387e-01,0.358
fk06235,21,9525409,3.095e-01,0.509
fk06236,21,10511279,3.701e-01,0.432
fk06237,21,11388896,7.385e-01,0.132
fk06238,21,12047088,9.934e-01,0.003
fk06239,21,12280240,4.507e-01,0.346
fk06240,21,12388263,7.866e-01,0.104
fk06241,21,12700619,9.465e-01,0.024
fk06242,21,12938466,8.838e-01,0.054
fk06243,21,13567373,7.050e-01,0.152
fk06244,21,13795594,9.138e-01,0.039
fk06245,21,14475729,7.515e-01,0.124
fk06246,21,15120428,1.952e-01,0.710
fk06247,21,15519036,8.726e-01,0.059
fk06248,21,15746026,3.036e-01,0.518
fk06249,21,16226237,1.560e-01,0.807
fk06250,21,16503818,1.578e-01,0.802
fk06251,21,16566104,9.498e-01,0.022
fk06252,21,16768351,9.432e-01,0.025
fk06253,21,16837666,8.990e-01,0.046
fk06254,21,17160988,9.472e-01,0.024
fk06255,21,17941346,1.699e-01,0.770
fk06256,21,18120052,9.598e-01,0.018
fk06257,21,18931435,7.191e-01,0.143
fk06258,21,19364501,1.504e-01,0.823
fk06259,21,19693961,3.256e-01,0.487
fk06260,21,19811869,7.346e-01,0.134
fk06261,21,22291265,2.092e-01,0.679
fk06262,21,22739663,2.067e-01,0.685
fk06263,21,23406410,8.997e-01,0.046
fk06264,21,23699559,6.697e-01,0.174
fk06265,21,23701783,5.780e-01,0.238
fk06266,21,24035324,7.323e-01,0.135
fk06267,21,24437209,3.442e-01,0.463
fk06268,21,24443501,2.295e-01,0.639
fk06269,21,24681012,6.803e-01,0.167
fk06270,21,24889613,2.617e-01,0.582
fk06271,21,24952906,1.571e-01,0.804
fk06272,21,26325945,7.518e-01,0.124
fk06273,21,26706487,5.898e-01,0.229
fk06274,21,27227418,7.692e-01,0.114
fk06275,21,27310362,1.527e-01,0.816
fk06276,21,27840417,4.166e-01,0.380
fk06277,21,28371255,8.920e-01,0.050
fk06278,21,28575709,4.780e-01,0.321
fk06279,21,28854242,2.427e-01,0.615
fk06280,21,29161523,5.255e-01,0.279
fk06281,21,29347416,3.035e-01,0.518
fk06282,21,29868629,3.367e-01,0.473
fk06283,21,29935112,5.465e-01,0.262
fk06284,21,29967432,7.516e-01,0.124
fk06285,21,29968176,2.311e-01,0.636
fk06286,21,30522730,6.826e-01,0.166
fk06287,21,30538303,4.206e-01,0.376
fk06288,21,30552144,9.661e-01,0.015
fk06289,21,30714299,4.082e-02,1.389
fk06290,21,31254383,9.930e-01,0.003
fk06291,21,31581072,7.145e-01,0.146
fk06292,21,31675059,5.556e-01,0.255
fk06293,21,31744967,5.652e-01,0.248
fk06294,21,32943026,7.974e-01,0.098
fk06295,21,34422563,6.250e-01,0.204
fk06296,21,34623712,9.919e-01,0.004
fk06297,21,34771827,1.064e-01,0.973
fk06298,21,35757431,4.081e-01,0.389
fk06299,21,35785361,1.177e-01,0.929
fk06300,21,36399065,3.521e-01,0.453
fk06301,21,36716357,1.417e-01,0.849
fk06302,21,37904110,1.465e-01,0.834
fk06303,21,37950544,8.818e-01,0.055
fk06304,21,38829428,6.980e-02,1.156
fk06305,21,39000865,3.045e-01,0.516
fk06306,21,39096770,2.109e-01,0.676
fk06307,21,39891243,6.541e-01,0.184
fk06308,21,40752043,3.238e-01,0.490
fk06309,21,41975380,7.613e-01,0.118
fk06310,21,42457518,9.045e-02,1.044
fk06311,21,42652053,6.276e-01,0.202
fk06312,21,43594259,7.651e-01,0.116
fk06313,21,43807183,4.561e-01,0.341
fk06314,21,45025379,9.990e-01,0.000
fk06315,21,45930902,5.500e-01,0.260
fk06316,22,310650,9.705e-01,0.013
fk06317,22,816939,2.530e-01,0.597
fk06318,22,883996,4.097e-01,0.388
fk06319,22,2202858,1.037e-01,0.984
fk06320,22,2297921,9.976e-01,0.001
fk06321,22,2624375,3.250e-01,0.488
fk06322,22,3183016,2.630e-01,0.580
fk06323,22,4042697,4.587e-01,0.338
fk06324,22,5561738,4.416e-01,0.355
fk06325,22,5582718,9.486e-01,0.023
fk06326,22,6147645,1.142e-02,1.942
fk06327,22,6192320,7.685e-01,0.114
fk06328,22,7165498,1.401e-01,0.854
fk06329,22,7182564,9.770e-01,0.010
fk06330,22,7375522,6.165e-01,0.210
fk06331,22,7648530,2.194e-01,0.659
fk06332,22,7691489,9.868e-01,0.006
fk06333,22,7789983,7.916e-01,0.101
fk06334,22,7839133,1.735e-01,0.761
fk06335,22,7867657,1.177e-01,0.929
fk06336,22,7876525,8.560e-01,0.068
fk06337,22,8260747,1.732e-01,0.761
fk06338,22,8422622,4.824e-01,0.317
fk06339,22,8611368,3.663e-01,0.436
fk06340,22,9388523,4.069e-01,0.391
fk06341,22,10523232,9.411e-01,0.026
fk06342,22,11350050,5.306e-01,0.275
fk06343,22,11506145,3.514e-01,0.454
fk06344,22,12488928,1.970e-01,0.706
fk06345,22,12657113,5.417e-01,0.266
fk06346,22,12893225,3.157e-01,0.501
fk06347,22,13779998,5.059e-02,1.296
fk06348,22,13977985,5.914e-01,0.228
fk06349,22,14208030,2.314e-01,0.636
fk06350,22,14434981,7.514e-02,1.124
fk06351,22,14884590,8.501e-01,0.071
fk06352,22,15359935,8.683e-01,0.061
fk06353,22,15775977,1.599e-01,0.796
fk06354,22,16497255,8.617e-01,0.065
fk06355,22,16767891,4.965e-01,0.304
fk06356,22,17046780,9.155e-02,1.038
fk06357,22,17665289,1.263e-01,0.899
fk06358,22,18020805,8.679e-01,0.062
fk06359,22,19527333,9.352e-01,0.029
fk06360,22,19611382,8.268e-01,0.083
fk06361,22,19789823,6.391e-01,0.194
fk06362,22,20654349,2.207e-01,0.656
fk06363,22,20889083,2.854e-01,0.545
fk06364,22,22435280,6.434e-01,0.192
fk06365,22,22661408,9.494e-01,0.023
fk06366,22,23180088,8.968e-01,0.047
fk06367,22,23352315,2.966e-01,0.528
fk06368,22,23401485,4.673e-01,0.330
fk06369,22,23625254,8.951e-01,0.048
fk06370,22,23730489,8.863e-01,0.052
fk06371,22,23730760,8.727e-01,0.059
fk06372,22,23863614,5.205e-01,0.284
fk06373,22,24086562,9.069e-01,0.042
fk06374,22,24478741,9.240e-01,0.034
fk06375,22,24647101,6.163e-01,0.210
fk06376,22,25687727,9.600e-01,0.018
fk06377,22,25704043,8.074e-01,0.093
fk06378,22,26260863,4.873e-01,0.312
fk06379,22,26781781,1.958e-01,0.708
fk06380,22,27070495,9.340e-01,0.030
fk06381,22,27072430,4.330e-01,0.364
fk06382,22,27183559,4.008e-01,0.397
fk06383,22,27522681,8.379e-01,0.077
fk06384,22,28166511,8.752e-01,0.058
fk06385,22,28431012,6.959e-02,1.157
fk06386,22,28874385,9.394e-01,0.027
fk06387,22,29344596,9.180e-01,0.037
fk06388,22,29697996,9.036e-01,0.044
fk06389,22,30791066,8.482e-01,0.072
fk06390,22,31188109,9.336e-01,0.030
fk06391,22,31423430,7.718e-01,0.112
fk06392,22,31923493,6.150e-01,0.211
fk06393,22,32019764,3.558e-01,0.449
fk06394,22,32244868,4.297e-01,0.367
fk06395,22,32704482,9.067e-01,0.043
fk06396,22,33241291,5.452e-01,0.263
fk06397,22,33888243,3.975e-01,0.401
fk06398,22,34168885,8.107e-01,0.091
fk06399,22,34297615,2.130e-01,0.672
fk06400,22,34865408,5.993e-02,1.222
fk06401,22,35015506,6.303e-01,0.200
fk06402,22,36809374,9.809e-01,0.008
fk06403,22,36965262,9.230e-01,0.035
fk06404,22,37772097,1.640e-01,0.785
fk06405,22,38864917,3.981e-01,0.400
fk06406,22,38913607,7.528e-01,0.123
fk06407,22,39174323,4.955e-01,0.305
fk06408,22,39751372,1.944e-01,0.711
fk06409,22,39890654,9.942e-01,0.003
fk06410,22,41762245,1.747e-01,0.758
fk06411,22,42162188,2.772e-01,0.557
fk06412,22,42545173,5.252e-01,0.280
fk06413,22,42955319,5.980e-01,0.223
fk06414,22,44238755,1.368e-02,1.864
fk06415,22,44669213,3.709e-02,1.431
fk06416,22,44719323,1.087e-01,0.964
fk06417,22,45511318,6.785e-01,0.168
fk06418,22,45642655,5.840e-01,0.234
fk06419,22,45843761,4.443e-02,1.352
fk06420,22,45920505,8.439e-01,0.074
fk06421,22,46258085,9.596e-01,0.018
fk06422,22,46918796,4.193e-01,0.377
fk06423,22,47430033,5.681e-02,1.246
fk06424,22,47961115,1.468e-01,0.833
fk06425,22,48775372,6.262e-01,0.203
fk06426,22,48970628,7.210e-01,0.142
fk06427,22,50784939,2.279e-01,0.642
